step_index,time_s,sag_active,grid_voltage_pu,ups_output_voltage_pu,ups_mode,battery_energy_j,motor_speed_rad_s,pump_flow_m3_s,pump_head_pa,pump_operating_point_residual_pa,upw_supply_pressure_pa,upw_tool_flow_m3_s,upw_relief_flow_m3_s,upw_mass_balance_residual_m3_s
0,0.0,False,1.0,1.0,GRID,3600000.0,5.0,0.0,281.43447150124183,0.0,290243.90244157985,0.0001,0.0,-5.23869142510236e-14
1,0.01,False,1.0,1.0,GRID,3600000.0,10.0,0.0,1125.7378860049673,0.0,280725.75848782435,0.0001,0.0,-1.6880222805486234e-13
2,0.02,False,1.0,1.0,GRID,3600000.0,15.0,0.0,2532.9102435111763,0.0,271439.7643809207,0.0001,0.0,-5.2386887145969285e-14
3,0.03,False,1.0,1.0,GRID,3600000.0,20.0,0.0,4502.951544019869,0.0,262380.2579706535,0.0001,0.0,-7.799826323012793e-13
4,0.04,False,1.0,1.0,GRID,3600000.0,25.0,0.0,7035.861787531047,0.0,253541.7151171714,0.0001,0.0,-4.889443342391553e-13
5,0.05,False,1.0,1.0,GRID,3600000.0,30.0,0.0,10131.640974044705,0.0,244918.74643135816,0.0001,0.0,5.005858737510555e-13
6,0.06,False,1.0,1.0,GRID,3600000.0,35.0,0.0,13790.289103560848,0.0,236506.09407341108,0.0001,0.0,1.2223607000726167e-13
7,0.07,False,1.0,1.0,GRID,3600000.0,40.0,0.0,18011.806176079477,0.0,228298.62837679684,0.0001,0.0,-2.561137066314778e-13
8,0.08,False,1.0,1.0,GRID,3600000.0,45.0,0.0,22796.192191600585,0.0,220291.34476324543,0.0001,0.0,-1.1059455760041581e-13
9,0.09,False,1.0,1.0,GRID,3600000.0,50.0,0.0,28143.44715012419,0.0,212479.36077415943,0.0001,0.0,-6.05359648042994e-13
10,0.1,False,1.0,1.0,GRID,3600000.0,55.0,0.0,34053.57105165026,0.0,204857.91298560798,0.0001,0.0,-7.217749889518871e-13
11,0.11,False,1.0,1.0,GRID,3600000.0,60.0,0.0,40526.56389617882,0.0,197542.2445917502,9.754224459175021e-05,0.0,9.89530235095265e-13
12,0.12,False,1.0,1.0,GRID,3600000.0,65.0,0.0,47562.42568370987,0.0,190736.97170242667,9.073697170242667e-05,0.0,2.328306276076775e-13
13,0.13,False,1.0,1.0,GRID,3600000.0,70.0,0.0,55161.15641424339,0.0,184406.48531541228,8.440648531541228e-05,0.0,-2.328306276076775e-13
14,0.14,False,1.0,1.0,GRID,3600000.0,75.0,0.0,63322.75608777941,0.0,178517.66073144972,7.851766073144972e-05,0.0,5.820766096767752e-13
15,0.15,False,1.0,1.0,GRID,3600000.0,80.0,0.0,72047.22470431791,0.0,173039.6844446659,7.30396844446659e-05,0.0,-9.313225646408185e-13
16,0.16,False,1.0,1.0,GRID,3600000.0,85.0,4.0730523736365025e-05,73039.68444466591,0.0,169838.33550475538,6.983833550475538e-05,0.0,-7.225574305547156e-13
17,0.17,False,1.0,1.0,GRID,3600000.0,90.0,6.533977848393268e-05,69838.33550475538,0.0,168004.95297648013,6.800495297648013e-05,0.0,-4.1528247989941827e-13
18,0.18,False,1.0,1.0,GRID,3600000.0,94.925,8.177106689956854e-05,68004.95297648013,0.0,167063.7268340215,6.706372683402151e-05,0.0,-5.022913678140884e-13
19,0.19,False,1.0,1.0,GRID,3600000.0,99.60374999999999,9.446658886463955e-05,67063.72683402151,0.0,166778.65702658892,6.677865702658891e-05,0.0,-5.265919866703924e-13
20,0.2,False,1.0,1.0,GRID,3600000.0,104.04856249999999,0.0001049713199460071,66778.65702658892,0.0,167002.06792447716,6.700206792447717e-05,0.0,1.0152648798842376e-13
21,0.21,False,1.0,1.0,GRID,3600000.0,108.27113437499999,0.00011398606524200104,67002.06792447715,-1.4551915228366852e-11,167629.182478413,6.762918247841298e-05,0.0,4.4566505196799115e-13
22,0.22,False,1.0,1.0,GRID,3600000.0,112.28257765624998,0.00012189900705223578,67629.18247841299,0.0,168580.58867510408,6.858058867510408e-05,0.0,1.0575775213797316e-13
23,0.23,False,1.0,1.0,GRID,3600000.0,116.09344877343749,0.0001289518211162178,68580.58867510407,-1.4551915228366852e-11,169793.65553706884,6.979365553706884e-05,0.0,5.713192946347773e-13
24,0.24,False,1.0,1.0,GRID,3600000.0,119.71377633476561,0.0001353072145303563,69793.65553706887,2.9103830456733704e-11,171217.68954675645,7.121768954675645e-05,0.0,1.6469573101141055e-14
25,0.25,False,1.0,1.0,GRID,3600000.0,123.15308751802733,0.00014108111613041576,71217.68954675643,-1.4551915228366852e-11,172810.92589255422,7.281092589255423e-05,0.0,3.756288831954606e-13
26,0.26,False,1.0,1.0,GRID,3600000.0,126.42043314212597,0.00014635977625775866,72810.92589255422,0.0,174538.525310345,7.4538525310345e-05,0.0,-6.35742475915517e-14
27,0.27,False,1.0,1.0,GRID,3600000.0,129.52441148501967,0.00015120959945967474,74538.52531034501,1.4551915228366852e-11,176371.16767000407,7.637116767000407e-05,0.0,7.614871257968954e-13
28,0.28,False,1.0,1.0,GRID,3600000.0,132.4731909107687,0.0001556831532395334,76371.16767000406,-1.4551915228366852e-11,178284.02356244624,7.828402356244624e-05,0.0,4.702069625588806e-14
29,0.29,False,1.0,1.0,GRID,3600000.0,135.27453136523025,0.00015982302122705372,78284.02356244625,1.4551915228366852e-11,180255.9764124453,8.02559764124453e-05,0.0,-3.9159564398658434e-13
30,0.3,False,1.0,1.0,GRID,3600000.0,137.93580479696874,0.00016366437373303359,80255.9764124453,0.0,182269.01869056746,8.226901869056747e-05,0.0,1.347392453144268e-13
31,0.31,False,1.0,1.0,GRID,3600000.0,140.4640145571203,0.00016723673958411552,82269.01869056743,-2.9103830456733704e-11,184307.77268949896,8.430777268949896e-05,0.0,5.712371222744983e-13
32,0.32,False,1.0,1.0,GRID,3600000.0,142.86581382926428,0.0001705652620755785,84307.77268949896,0.0,186359.10309385508,8.635910309385509e-05,0.0,-6.52326581423654e-13
33,0.33,False,1.0,1.0,GRID,3600000.0,145.14752313780107,0.00017367161100836809,86359.10309385505,-2.9103830456733704e-11,188411.79870069027,8.841179870069027e-05,0.0,8.206289583956826e-13
34,0.34,False,1.0,1.0,GRID,3600000.0,147.315146980911,0.00017657465925587665,88411.79870069027,0.0,190456.3085641712,9.045630856417119e-05,0.0,-8.599986499845114e-13
35,0.35000000000000003,False,1.0,1.0,GRID,3600000.0,149.37438963186545,0.00017929099359077102,90456.30856417122,2.9103830456733704e-11,192484.5192930661,9.248451929306611e-05,0.0,7.32734660164984e-14
36,0.36,False,1.0,1.0,GRID,3600000.0,151.33067015027217,0.00018183530774510494,92484.51929306611,0.0,194489.56709820777,9.448956709820777e-05,0.0,9.949601228629798e-13
37,0.37,False,1.0,1.0,GRID,3600000.0,153.18913664275857,0.00018422070855004784,94489.5670982078,2.9103830456733704e-11,196465.67679010332,9.646567679010332e-05,0.0,-4.73018034517856e-13
38,0.38,False,1.0,1.0,GRID,3600000.0,154.95467981062063,0.0001864589582811008,96465.67679010332,0.0,198408.02301187068,9.840802301187069e-05,0.0,-6.720525557498552e-13
39,0.39,False,1.0,1.0,GRID,3600000.0,156.6319458200896,0.00018856066892096175,98408.02301187068,0.0,200327.85998191684,0.0001,0.0,-4.709199271312435e-13
40,0.4,False,1.0,1.0,GRID,3600000.0,158.22534852908512,0.00019052745577613768,100327.8599819169,5.820766091346741e-11,202296.81245982647,0.0001,0.0,-1.1968046996144177e-14
41,0.41000000000000003,False,1.0,1.0,GRID,3600000.0,159.73908110263088,0.00019232936781647214,102296.81245982647,0.0,204305.63986301422,0.0001,0.0,-1.7879000688801605e-13
42,0.42,False,1.0,1.0,GRID,3600000.0,161.17712704749934,0.00019397901656592443,104305.63986301419,-2.9103830456733704e-11,206345.94212751836,0.0001,0.0,2.120825555646834e-13
43,0.43,False,1.0,1.0,GRID,3600000.0,162.54327069512436,0.00019548787774245017,106345.9421275183,-5.820766091346741e-11,208410.0839216262,0.0001,0.0,-1.005200290409361e-13
44,0.44,False,1.0,1.0,GRID,3600000.0,163.84110716036815,0.0001968664333863862,108410.08392162624,2.9103830456733704e-11,210491.1273578182,0.0001,0.0,9.836375895115428e-13
45,0.45,False,1.0,1.0,GRID,3600000.0,165.07405180234974,0.00019812429001659753,110491.12735781816,-2.9103830456733704e-11,212582.7725045383,0.0001,0.0,8.299261478788081e-13
46,0.46,False,1.0,1.0,GRID,3600000.0,166.24534921223227,0.00019927027744974017,112582.7725045383,0.0,214679.30377693847,0.0001,0.0,1.1326751575514368e-13
47,0.47000000000000003,False,1.0,1.0,GRID,3600000.0,167.35808175162066,0.0002003125325030644,114679.30377693844,-2.9103830456733704e-11,216775.54185735062,0.0001,0.0,-3.385391468026244e-14
48,0.48,False,1.0,1.0,GRID,3600000.0,168.41517766403962,0.000201258570237366,116775.54185735059,-2.9103830456733704e-11,218866.80033057928,0.0001,0.0,6.075030954092071e-13
49,0.49,False,1.0,1.0,GRID,3600000.0,169.41941878083765,0.0002021153450721271,118866.80033057931,2.9103830456733704e-11,220948.84645193815,0.0001,0.0,-5.810194176909117e-13
50,0.5,False,1.0,1.0,GRID,3600000.0,170.37344784179575,0.00020288930356233539,120948.84645193815,0.0,223017.86500029266,0.0001,0.0,9.50989165345549e-14
51,0.51,False,1.0,1.0,GRID,3600000.0,171.27977544970597,0.00020358643053288645,123017.86500029266,0.0,225070.4259146005,0.0001,0.0,-7.105704506781343e-13
52,0.52,False,1.0,1.0,GRID,3600000.0,172.14078667722066,0.0002042122891580958,125070.42591460049,0.0,227103.45402592793,0.0001,0.0,-8.141696274414564e-14
53,0.53,False,1.0,1.0,GRID,3600000.0,172.95874734335962,0.00020477205656366522,127103.45402592787,-5.820766091346741e-11,229114.20181626454,0.0001,0.0,-1.511992367788685e-13
54,0.54,False,1.0,1.0,GRID,3600000.0,173.73580997619163,0.00020527055508911795,129114.20181626454,0.0,231100.22398177534,0.0001,0.0,-2.1198579729705264e-13
55,0.55,False,1.0,1.0,GRID,3600000.0,174.47401947738206,0.00020571228029337319,131100.22398177534,0.0,233059.35414973646,0.0001,0.0,-1.407174615546125e-13
56,0.56,False,1.0,1.0,GRID,3600000.0,175.17531850351295,0.00020610142592321495,133059.3541497365,2.9103830456733704e-11,234989.68339990824,0.0001,0.0,-7.801747868075616e-13
57,0.5700000000000001,False,1.0,1.0,GRID,3600000.0,175.8415525783373,0.0002064419063356555,134989.68339990824,0.0,236889.5402410999,0.0001,0.0,-6.087274307124864e-13
58,0.58,False,1.0,1.0,GRID,3600000.0,176.47447494942045,0.00020673737680603835,136889.5402410999,0.0,238757.4722757563,0.0001,0.0,-2.4967915647315653e-14
59,0.59,False,1.0,1.0,GRID,3600000.0,177.07575120194943,0.00020699125182531663,138757.4722757563,0.0,240592.22914511338,0.0001,0.0,-1.3438164833288677e-13
60,0.6,False,1.0,1.0,GRID,3600000.0,177.64696364185195,0.00020720672176352087,140592.2291451134,2.9103830456733704e-11,242392.74652209133,0.0001,0.0,9.629161888419918e-13
61,0.61,False,1.0,1.0,GRID,3600000.0,178.18961545975935,0.00020738676816039515,142392.74652209133,0.0,244158.13167579472,0.0001,0.0,-7.515700437216513e-13
62,0.62,False,1.0,1.0,GRID,3600000.0,178.70513468677137,0.00020753417751466448,144158.13167579472,0.0,245887.6493270509,0.0001,0.0,-1.7398445694132708e-13
63,0.63,False,1.0,1.0,GRID,3600000.0,179.19487795243282,0.0002076515542938232,145887.64932705095,5.820766091346741e-11,247580.70930838585,0.0001,0.0,1.2931197996071675e-14
64,0.64,False,1.0,1.0,GRID,3600000.0,179.66013405481118,0.00020774133252188752,147580.70930838582,-2.9103830456733704e-11,249236.8545732461,0.0001,0.0,-6.194038202267035e-14
65,0.65,False,1.0,1.0,GRID,3600000.0,180.10212735207062,0.00020780578672053576,149236.8545732461,0.0,250855.75019475073,0.0001,0.0,-8.069323068895726e-13
66,0.66,False,1.0,1.0,GRID,3600000.0,180.5220209844671,0.0002078470419569759,150855.75019475073,0.0,252437.17294652015,0.0001,0.0,4.483273425897813e-13
67,0.67,False,1.0,1.0,GRID,3600000.0,180.92091993524375,0.00020786708324750457,152437.17294652018,2.9103830456733704e-11,253981.00204765797,0.0001,0.0,2.0091924407853942e-13
68,0.68,False,1.0,1.0,GRID,3600000.0,181.29987393848157,0.00020786776408148093,153981.00204765794,-2.9103830456733704e-11,255487.21002414823,0.0001,0.0,-4.603983684635209e-13
69,0.6900000000000001,False,1.0,1.0,GRID,3600000.0,181.6598802415575,0.00020785081460790387,155487.21002414825,2.9103830456733704e-11,256955.8543851599,0.0001,0.0,1.9509023438607845e-13
70,0.7000000000000001,False,1.0,1.0,GRID,3600000.0,182.00188622947962,0.000207817849181022,156955.85438515994,2.9103830456733704e-11,258387.07005605102,0.0001,0.0,7.351743691629605e-13
71,0.71,False,1.0,1.0,GRID,3600000.0,182.32679191800565,0.00020777037332079715,158387.07005605102,0.0,259781.0621606186,0.0001,0.0,1.4913610168858227e-13
72,0.72,False,1.0,1.0,GRID,3600000.0,182.63545232210538,0.0002077097903080061,159781.06216061863,2.9103830456733704e-11,261138.0991525948,0.0001,0.0,8.921846483714128e-13
73,0.73,False,1.0,1.0,GRID,3600000.0,182.9286797060001,0.00020763740743450241,161138.09915259483,2.9103830456733704e-11,262458.5068784654,0.0001,0.0,-5.221424895641806e-13
74,0.74,False,1.0,1.0,GRID,3600000.0,183.20724572070012,0.00020755444164595756,162458.50687846538,-2.9103830456733704e-11,263742.6624074578,0.0001,0.0,-1.3761965200233262e-13
75,0.75,False,1.0,1.0,GRID,3600000.0,183.4718834346651,0.00020746202515270885,163742.66240745783,0.0,264990.9889092669,0.0001,0.0,6.618941878692563e-13
76,0.76,False,1.0,1.0,GRID,3600000.0,183.72328926293184,0.00020736121040515555,164990.98890926683,-5.820766091346741e-11,266203.95064819604,0.0001,0.0,3.0247447613002826e-13
77,0.77,False,1.0,1.0,GRID,3600000.0,183.96212479978524,0.00020725297489335018,166203.950648196,-2.9103830456733704e-11,267382.04821012914,0.0001,0.0,-4.503763898280888e-13
78,0.78,False,1.0,1.0,GRID,3600000.0,184.18901855979598,0.00020713822572473252,167382.0482101292,5.820766091346741e-11,268525.8141369559,0.0001,0.0,1.1971966386997712e-13
79,0.79,False,1.0,1.0,GRID,3600000.0,184.40456763180617,0.0002070178039043678,168525.8141369559,0.0,269635.80914307386,0.0001,0.0,-7.895285106577186e-13
80,0.8,False,1.0,1.0,GRID,3600000.0,184.60933925021587,0.00020689248824053602,169635.80914307392,5.820766091346741e-11,270712.6180990599,0.0001,0.0,7.128500535084209e-14
81,0.81,False,1.0,1.0,GRID,3600000.0,184.80387228770508,0.00020676299927566098,170712.61809905988,-2.9103830456733704e-11,271756.8468884565,0.0001,0.0,4.350105074334837e-14
82,0.8200000000000001,False,1.0,1.0,GRID,3600000.0,184.9886786733198,0.0002066300027140703,171756.8468884565,0.0,272769.1190317273,0.0001,0.0,3.327902359337876e-13
83,0.8300000000000001,False,1.0,1.0,GRID,3600000.0,185.1642447396538,0.00020649411288582064,172769.1190317273,0.0,273750.07283408195,0.0001,0.0,4.2168698410503455e-13
84,0.84,False,1.0,1.0,GRID,3600000.0,185.33103250267112,0.0002063558958853052,173750.07283408198,2.9103830456733704e-11,274700.3586497158,0.0001,0.0,2.477706320007985e-13
85,0.85,False,1.0,1.0,GRID,3600000.0,185.48948087753757,0.00020621587258544554,174700.35864971575,-2.9103830456733704e-11,275620.6363788806,0.0001,0.0,-1.8729093796687746e-13
86,0.86,False,1.0,1.0,GRID,3600000.0,185.6400068336607,0.0002060745214746354,175620.63637888053,-5.820766091346741e-11,276511.5731395781,0.0001,0.0,-3.091039217932492e-13
87,0.87,False,1.0,1.0,GRID,3600000.0,185.78300649197766,0.0002059322813477013,176511.57313957816,5.820766091346741e-11,277373.8411720842,0.0001,0.0,1.1153703083203494e-13
88,0.88,False,1.0,1.0,GRID,3600000.0,185.91885616737878,0.00020578955382538473,177373.84117208418,-2.9103830456733704e-11,278208.1159763038,0.0001,0.0,-2.471592605601293e-13
89,0.89,False,1.0,1.0,GRID,3600000.0,186.04791335900984,0.00020564670570470304,178208.11597630382,0.0,279015.074390918,0.0001,0.0,2.1696001183233067e-13
90,0.9,False,1.0,1.0,GRID,3600000.0,186.17051769105936,0.00020550407128391176,179015.07439091805,2.9103830456733704e-11,279795.3931381926,0.0001,0.0,-2.3067608749798713e-13
91,0.91,False,1.0,1.0,GRID,3600000.0,186.2869918065064,0.00020536195440954238,179795.3931381926,0.0,280549.7471941635,0.0001,0.0,-3.0695752675237963e-13
92,0.92,False,1.0,1.0,GRID,3600000.0,186.39764221618108,0.0002052206305586595,180549.74719416353,2.9103830456733704e-11,281278.8085080683,0.0001,0.0,2.6528899113283447e-14
93,0.93,False,1.0,1.0,GRID,3600000.0,186.50276010537203,0.00020508034870338085,181278.80850806832,0.0,281983.24483819306,0.0001,0.0,-3.182103984201686e-13
94,0.9400000000000001,False,1.0,1.0,GRID,3600000.0,186.60262210010342,0.00020494133307238734,181983.2448381931,2.9103830456733704e-11,282663.71852951124,0.0001,0.0,-1.8731965916005296e-14
95,0.9500000000000001,False,1.0,1.0,GRID,3600000.0,186.69749099509824,0.00020480378489623385,182663.71852951124,0.0,283320.88564056903,0.0001,0.0,-1.452064295491334e-13
96,0.96,False,1.0,1.0,GRID,3600000.0,186.78761644534333,0.00020466788393921914,183320.88564056906,2.9103830456733704e-11,283955.3950121626,0.0001,0.0,-9.98734067995076e-13
97,0.97,False,1.0,1.0,GRID,3600000.0,186.87323562307617,0.00020453379001784245,183955.39501216263,0.0,284567.8873360157,0.0001,0.0,-1.2722692365775556e-13
98,0.98,False,1.0,1.0,GRID,3600000.0,186.95457384192235,0.0002044016444790374,184567.88733601567,-2.9103830456733704e-11,285158.9946891181,0.0001,0.0,7.243002787707224e-14
99,0.99,False,1.0,1.0,GRID,3600000.0,187.03184514982624,0.00020427157141167317,185158.99468911812,0.0,285729.33971881866,0.0001,0.0,9.582528896084647e-13
100,1.0,False,1.0,1.0,GRID,3600000.0,187.10525289233493,0.00020414367899088573,185729.33971881866,0.0,286279.5352935791,0.0001,0.0,-1.5111256159144187e-13
101,1.01,False,1.0,1.0,GRID,3600000.0,187.1749902477182,0.00020401806055790893,186279.53529357913,2.9103830456733704e-11,286810.1836880669,0.0001,0.0,8.241195083264841e-13
102,1.02,False,1.0,1.0,GRID,3600000.0,187.2412407353323,0.00020389479589247284,186810.18368806687,-2.9103830456733704e-11,287321.8765249476,0.0001,0.0,8.923853714629896e-13
103,1.03,False,1.0,1.0,GRID,3600000.0,187.3041786985657,0.00020377395208011947,187321.8765249476,2.9103830456733704e-11,287815.1942510158,0.0001,0.0,4.332476048654176e-13
104,1.04,False,1.0,1.0,GRID,3600000.0,187.3639697636374,0.00020365558457429827,187815.1942510158,2.9103830456733704e-11,288290.70578794926,0.0001,0.0,9.416539965991346e-13
105,1.05,False,1.0,1.0,GRID,3600000.0,187.42077127545554,0.0002035397381407811,188290.70578794926,0.0,288748.9684741013,0.0001,0.0,1.806902253552933e-13
106,1.06,False,1.0,1.0,GRID,3600000.0,187.47473271168275,0.0002034264476279458,188748.96847410128,0.0,289190.5276570469,0.0001,0.0,1.4050955562364305e-13
107,1.07,False,1.0,1.0,GRID,3600000.0,187.5259960760986,0.00020331573887839304,189190.5276570469,0.0,289615.91669358313,0.0001,0.0,-1.991228599921343e-13
108,1.08,False,1.0,1.0,GRID,3600000.0,187.57469627229366,0.00020320762941124885,189615.91669358316,2.9103830456733704e-11,290025.6567168981,0.0001,0.0,5.865007423813814e-13
109,1.09,False,1.0,1.0,GRID,3600000.0,187.62096145867898,0.00020310212919068884,190025.65671689814,5.820766091346741e-11,290420.25675298646,0.0001,0.0,9.242806071560212e-14
110,1.1,False,1.0,1.0,GRID,3600000.0,187.66491338574502,0.00020299924119538082,190420.25675298646,0.0,290800.21348781884,0.0001,0.0,-2.4517613196687596e-13
111,1.11,False,1.0,1.0,GRID,3600000.0,187.7066677164578,0.00020289896213347743,190800.21348781884,0.0,291166.0112673417,0.0001,0.0,9.093498608330136e-13
112,1.12,False,1.0,1.0,GRID,3600000.0,187.7463343306349,0.0002028012830177036,191166.01126734167,0.0,291518.12233030796,0.0001,0.0,5.932238715826346e-13
113,1.1300000000000001,False,1.0,1.0,GRID,3600000.0,187.78401761410316,0.00020270618960107096,191518.122330308,2.9103830456733704e-11,291857.00663365424,0.0001,0.0,2.1731831015715103e-13
114,1.1400000000000001,False,1.0,1.0,GRID,3600000.0,187.819816733398,0.00020261366298977582,191857.00663365427,2.9103830456733704e-11,292183.11202712357,0.0001,0.0,-8.931726369184527e-13
115,1.1500000000000001,False,1.0,1.0,GRID,3600000.0,187.8538258967281,0.00020252368006118342,192183.11202712357,0.0,292496.87413685024,0.0001,0.0,7.982249487992676e-13
116,1.16,False,1.0,1.0,GRID,3600000.0,187.88613460189168,0.00020243621400350075,192496.87413685024,0.0,292798.71694743633,0.0001,0.0,-6.819393199748182e-13
117,1.17,False,1.0,1.0,GRID,3600000.0,187.9168278717971,0.0002023512344893957,192798.71694743636,2.9103830456733704e-11,293089.0523362905,0.0001,0.0,5.441675340788952e-13
118,1.18,False,1.0,1.0,GRID,3600000.0,187.94598647820723,0.00020226870834668932,193089.05233629048,0.0,293368.28077211976,0.0001,0.0,-7.559562022451663e-13
119,1.19,False,1.0,1.0,GRID,3600000.0,187.97368715429687,0.00020218859963443305,193368.2807721197,-5.820766091346741e-11,293636.79096568376,0.0001,0.0,2.8031120939084895e-13
120,1.2,False,1.0,1.0,GRID,3600000.0,188.00000279658204,0.00020211087021791425,193636.7909656838,2.9103830456733704e-11,293894.96045187116,0.0001,0.0,2.682307018302978e-13
121,1.21,False,1.0,1.0,GRID,3600000.0,188.02500265675295,0.0002020354798651971,193894.96045187113,-2.9103830456733704e-11,294143.15558969975,0.0001,0.0,-6.862245443582725e-13
122,1.22,False,1.0,1.0,GRID,3600000.0,188.0487525239153,0.0002019623866140424,194143.15558969975,0.0,294381.7316205241,0.0001,0.0,1.8729369421208782e-13
123,1.23,False,1.0,1.0,GRID,3600000.0,188.07131489771956,0.00020189154709352434,194381.73162052405,-2.9103830456733704e-11,294611.0331919044,0.0001,0.0,-9.300348212981408e-13
124,1.24,False,1.0,1.0,GRID,3600000.0,188.0927491528336,0.00020182291659904652,194611.03319190445,2.9103830456733704e-11,294831.3941247761,0.0001,0.0,8.792244649078861e-13
125,1.25,False,1.0,1.0,GRID,3600000.0,188.11311169519192,0.00020175644952673133,194831.39412477612,0.0,295043.1381119415,0.0001,0.0,7.274527346535944e-13
126,1.26,False,1.0,1.0,GRID,3600000.0,188.13245611043232,0.00020169209933176295,195043.13811194157,5.820766091346741e-11,295246.5786598623,0.0001,0.0,-9.565834647494247e-13
127,1.27,False,1.0,1.0,GRID,3600000.0,188.1508333049107,0.00020162981884744457,195246.57865986228,0.0,295442.0191468671,0.0001,0.0,-4.660853222603978e-13
128,1.28,False,1.0,1.0,GRID,3600000.0,188.16829163966514,0.0002015695605332428,195442.01914686713,2.9103830456733704e-11,295629.7533470206,0.0001,0.0,-1.4333749158508178e-13
129,1.29,False,1.0,1.0,GRID,3600000.0,188.1848770576819,0.00020151127647893832,195629.75334702057,-2.9103830456733704e-11,295810.065488331,0.0001,0.0,9.085643360302572e-13
130,1.3,False,1.0,1.0,GRID,3600000.0,188.20063320479778,0.00020145491862726483,195810.06548833102,0.0,295983.23066020384,0.0001,0.0,-1.4029358720956515e-13
131,1.31,False,1.0,1.0,GRID,3600000.0,188.2156015445579,0.00020140043881142168,195983.23066020387,2.9103830456733704e-11,296149.5147552341,0.0001,0.0,-4.668009532924787e-13
132,1.32,False,1.0,1.0,GRID,3600000.0,188.22982146733,0.00020134778901236648,196149.51475523418,5.820766091346741e-11,296309.1748766601,0.0001,0.0,-8.544833109919788e-13
133,1.33,False,1.0,1.0,GRID,3600000.0,188.2433303939635,0.00020129692137415078,196309.17487666005,-5.820766091346741e-11,296462.4594547786,0.0001,0.0,8.439201647006118e-14
134,1.34,False,1.0,1.0,GRID,3600000.0,188.25616387426533,0.00020124778835335888,196462.45945477855,-2.9103830456733704e-11,296609.6086543985,0.0001,0.0,3.3761856598456003e-14
135,1.35,False,1.0,1.0,GRID,3600000.0,188.26835568055205,0.00020120034271406404,196609.6086543985,2.9103830456733704e-11,296750.8544330485,0.0001,0.0,-7.546113909047002e-14
136,1.36,False,1.0,1.0,GRID,3600000.0,188.27993789652444,0.00020115453768680734,196750.85443304855,2.9103830456733704e-11,296886.4208320156,0.0001,0.0,-7.085415962817729e-13
137,1.37,False,1.0,1.0,GRID,3600000.0,188.29094100169823,0.00020111032700287696,196886.4208320156,2.9103830456733704e-11,297016.5240345523,0.0001,0.0,9.348667736853121e-13
138,1.3800000000000001,False,1.0,1.0,GRID,3600000.0,188.3013939516133,0.00020106766503570321,197016.52403455228,0.0,297141.37294795364,0.0001,0.0,2.936990796947186e-13
139,1.3900000000000001,False,1.0,1.0,GRID,3600000.0,188.31132425403263,0.00020102650667351603,197141.37294795367,2.9103830456733704e-11,297261.16908714175,0.0001,0.0,-6.538170671844547e-13
140,1.4000000000000001,False,1.0,1.0,GRID,3600000.0,188.320758041331,0.00020098680753144748,197261.16908714175,0.0,297376.10674928874,0.0001,0.0,9.138633877008072e-13
141,1.41,False,1.0,1.0,GRID,3600000.0,188.32972013926445,0.0002009485240114996,197376.10674928877,2.9103830456733704e-11,297486.3735958934,0.0001,0.0,2.814600168838039e-13
142,1.42,False,1.0,1.0,GRID,3600000.0,188.33823413230124,0.00020091161315257154,197486.37359589338,0.0,297592.1505363658,0.0001,0.0,-9.250598507859573e-13
143,1.43,False,1.0,1.0,GRID,3600000.0,188.34632242568617,0.00020087603282118152,197592.15053636578,-2.9103830456733704e-11,297693.6118444428,0.0001,0.0,7.374205595080932e-13
144,1.44,False,1.0,1.0,GRID,3600000.0,188.35400630440185,0.00020084174177993435,197693.61184444278,0.0,297790.92574026436,0.0001,0.0,9.933707392293235e-13
145,1.45,False,1.0,1.0,GRID,3600000.0,188.36130598918174,0.00020080869951793502,197790.92574026436,0.0,297884.2543903738,0.0001,0.0,-6.794412861939179e-13
146,1.46,False,1.0,1.0,GRID,3600000.0,188.36824068972265,0.0002007768663650187,197884.2543903738,-2.9103830456733704e-11,297973.75390771776,0.0001,0.0,-9.357189474872815e-13
147,1.47,False,1.0,1.0,GRID,3600000.0,188.3748286552365,0.000200746203600452,197973.7539077178,2.9103830456733704e-11,298059.574700892,0.0001,0.0,3.865218719515431e-13
148,1.48,False,1.0,1.0,GRID,3600000.0,188.3810872224747,0.00020071667338235997,198059.57470089197,0.0,298141.86182338744,0.0001,0.0,2.0756800717515542e-14
149,1.49,False,1.0,1.0,GRID,3600000.0,188.38703286135095,0.00020068823867197254,198141.86182338744,0.0,298220.75485717505,0.0001,0.0,5.676328513942643e-13
150,1.5,False,1.0,1.0,GRID,3600000.0,188.3926812182834,0.00020066086338500698,198220.75485717508,2.9103830456733704e-11,298296.38832015917,0.0001,0.0,-3.475490235570742e-14
151,1.51,False,1.0,1.0,GRID,3600000.0,188.39804715736923,0.0002006345122774395,198296.38832015917,0.0,298368.89160797,0.0001,0.0,7.172378569699194e-13
152,1.52,False,1.0,1.0,GRID,3600000.0,188.40314479950078,0.00020060915105890294,198368.89160797,0.0,298438.3894596249,0.0001,0.0,-7.040072582379818e-13
153,1.53,False,1.0,1.0,GRID,3600000.0,188.40798755952574,0.00020058474624080937,198438.3894596249,0.0,298505.00172469765,0.0001,0.0,7.7005285870787e-14
154,1.54,False,1.0,1.0,GRID,3600000.0,188.41258818154944,0.0002005612653286433,198505.00172469762,-2.9103830456733704e-11,298568.84388718754,0.0001,0.0,1.352517138000428e-13
155,1.55,False,1.0,1.0,GRID,3600000.0,188.41695877247196,0.00020053867663326515,198568.8438871875,-2.9103830456733704e-11,298630.0270073116,0.0001,0.0,7.27128514158308e-13
156,1.56,False,1.0,1.0,GRID,3600000.0,188.42111083384836,0.00020051694936876693,198630.02700731158,0.0,298688.65807075053,0.0001,0.0,-9.353873887220566e-13
157,1.57,False,1.0,1.0,GRID,3600000.0,188.42505529215595,0.0002004960535437419,198688.65807075056,2.9103830456733704e-11,298744.83975581825,0.0001,0.0,-3.552149194868627e-14
158,1.58,False,1.0,1.0,GRID,3600000.0,188.42880252754816,0.00020047596013957313,198744.83975581825,0.0,298798.6710155383,0.0001,0.0,-5.62596557814282e-13
159,1.59,False,1.0,1.0,GRID,3600000.0,188.43236240117074,0.00020045664087920372,198798.67101553828,0.0,298850.2468448132,0.0001,0.0,8.712980462074777e-13
160,1.6,False,1.0,1.0,GRID,3600000.0,188.4357442811122,0.000200438068399388,198850.2468448132,-2.9103830456733704e-11,298899.6588042937,0.0001,0.0,-1.9236874081995643e-13
161,1.61,False,1.0,1.0,GRID,3600000.0,188.43895706705658,0.00020042021604268107,198899.65880429378,5.820766091346741e-11,298946.9947293401,0.0001,0.0,1.7708393345444717e-13
162,1.62,False,1.0,1.0,GRID,3600000.0,188.44200921370376,0.00020040305805328908,198946.99472934008,0.0,298992.3391956836,0.0001,0.0,-8.71423173408457e-13
163,1.6300000000000001,False,1.0,1.0,GRID,3600000.0,188.44490875301858,0.0002003865693928696,198992.33919568363,2.9103830456733704e-11,299035.77328659594,0.0001,0.0,9.313247785731844e-13
164,1.6400000000000001,False,1.0,1.0,GRID,3600000.0,188.44766331536766,0.00020037072590243477,199035.77328659597,2.9103830456733704e-11,299077.37523317337,0.0001,0.0,-6.45700516692442e-13
165,1.6500000000000001,False,1.0,1.0,GRID,3600000.0,188.45028014959928,0.00020035550402626174,199077.37523317343,5.820766091346741e-11,299117.2198904678,0.0001,0.0,9.351387811639057e-13
166,1.6600000000000001,False,1.0,1.0,GRID,3600000.0,188.45276614211932,0.00020034088111459128,199117.21989046782,0.0,299155.37943597883,0.0001,0.0,4.863817150430597e-13
167,1.67,False,1.0,1.0,GRID,3600000.0,188.45512783501334,0.0002003268351142125,199155.37943597883,0.0,299191.9231368229,0.0001,0.0,-4.710799312314634e-13
168,1.68,False,1.0,1.0,GRID,3600000.0,188.45737144326267,0.00020031334472188635,199191.9231368229,2.9103830456733704e-11,299226.91746614873,0.0001,0.0,-5.977051151660721e-13
169,1.69,False,1.0,1.0,GRID,3600000.0,188.45950287109955,0.00020030038936160968,199226.91746614876,2.9103830456733704e-11,299260.4262777604,0.0001,0.0,-9.504181889061344e-15
170,1.7,False,1.0,1.0,GRID,3600000.0,188.46152772754456,0.00020028794913103527,199260.42627776042,0.0,299292.5109807402,0.0001,0.0,-4.1893030002572326e-13
171,1.71,False,1.0,1.0,GRID,3600000.0,188.46345134116734,0.00020027600474618938,199292.51098074025,5.820766091346741e-11,299323.23042303324,0.0001,0.0,6.888117934725292e-13
172,1.72,False,1.0,1.0,GRID,3600000.0,188.46527877410898,0.0002002645376298988,199323.23042303324,0.0,299352.6412406936,0.0001,0.0,6.563441457251164e-13
173,1.73,False,1.0,1.0,GRID,3600000.0,188.46701483540352,0.00020025352976619354,199352.6412406936,-2.9103830456733704e-11,299380.79779967666,0.0001,0.0,-3.1330535661876983e-13
174,1.74,False,1.0,1.0,GRID,3600000.0,188.46866409363335,0.00020024296375669912,199380.79779967666,0.0,299407.7521376312,0.0001,0.0,9.2879310413763e-13
175,1.75,False,1.0,1.0,GRID,3600000.0,188.47023088895168,0.00020023282287567673,199407.7521376312,2.9103830456733704e-11,299433.5544295609,0.0001,0.0,-1.7769816924290664e-13
176,1.76,False,1.0,1.0,GRID,3600000.0,188.4717193445041,0.00020022309086213566,199433.5544295609,0.0,299458.2526385784,0.0001,0.0,3.6249613826239184e-13
177,1.77,False,1.0,1.0,GRID,3600000.0,188.47313337727888,0.00020021375211766635,199458.25263857844,2.9103830456733704e-11,299481.8929233588,0.0001,0.0,-3.9621328666194675e-14
178,1.78,False,1.0,1.0,GRID,3600000.0,188.47447670841495,0.0002002047915251934,199481.89292335883,0.0,299504.5194635168,0.0001,0.0,9.902761211913098e-13
179,1.79,False,1.0,1.0,GRID,3600000.0,188.4757528729942,0.00020019619455731552,199504.51946351677,0.0,299526.1748088524,0.0001,0.0,2.461772766825921e-13
180,1.8,False,1.0,1.0,GRID,3600000.0,188.4769652293445,0.00020018794712192643,199526.17480885237,0.0,299546.8996465206,0.0001,0.0,5.453013122427505e-13
181,1.81,False,1.0,1.0,GRID,3600000.0,188.47811696787727,0.00020018003569756735,199546.89964652061,0.0,299566.7330920696,0.0001,0.0,2.405523138389929e-13
182,1.82,False,1.0,1.0,GRID,3600000.0,188.4792111194834,0.00020017244720614742,199566.7330920696,-2.9103830456733704e-11,299585.71263123304,0.0001,0.0,1.0726268616327171e-13
183,1.83,False,1.0,1.0,GRID,3600000.0,188.48025056350923,0.00020016516905920552,199585.71263123304,0.0,299603.8742363453,0.0001,0.0,-1.612122148951426e-13
184,1.84,False,1.0,1.0,GRID,3600000.0,188.48123803533377,0.00020015818911607794,199603.87423634535,5.820766091346741e-11,299621.25236634165,0.0001,0.0,3.3297993160930317e-13
185,1.85,False,1.0,1.0,GRID,3600000.0,188.4821761335671,0.0002001514956994018,199621.25236634162,-2.9103830456733704e-11,299637.8801413812,0.0001,0.0,1.2792073226237894e-13
186,1.86,False,1.0,1.0,GRID,3600000.0,188.48306732688874,0.000200145077522595,199637.88014138115,-2.9103830456733704e-11,299653.78928463906,0.0001,0.0,1.511774049281695e-14
187,1.87,False,1.0,1.0,GRID,3600000.0,188.4839139605443,0.00020013892373291876,199653.78928463906,0.0,299669.01023872197,0.0001,0.0,-4.681003506967799e-13
188,1.8800000000000001,False,1.0,1.0,GRID,3600000.0,188.48471826251708,0.00020013302386659313,199669.010238722,2.9103830456733704e-11,299683.572165668,0.0001,0.0,-7.551617648558597e-13
189,1.8900000000000001,False,1.0,1.0,GRID,3600000.0,188.48548234939122,0.00020012736786140855,199683.57216566804,2.9103830456733704e-11,299697.50300515443,0.0001,0.0,-4.308970796488201e-13
190,1.9000000000000001,False,1.0,1.0,GRID,3600000.0,188.48620823192167,0.00020012194603962063,199697.50300515443,0.0,299710.82953270525,0.0001,0.0,7.222516698190256e-13
191,1.9100000000000001,False,1.0,1.0,GRID,3600000.0,188.4868978203256,0.0002001167490902412,199710.82953270525,0.0,299723.5775925219,0.0001,0.0,-9.023529427899393e-13
192,1.92,False,1.0,1.0,GRID,3600000.0,188.48755292930932,0.00020011176796349309,199723.5775925219,0.0,299735.77169002965,0.0001,0.0,1.6832335548997283e-13
193,1.93,False,1.0,1.0,GRID,3600000.0,188.48817528284386,0.00020010699408467815,199735.77169002965,0.0,299747.4355157465,0.0001,0.0,-1.8753155443091553e-13
194,1.94,False,1.0,1.0,GRID,3600000.0,188.48876651870165,0.00020010241910213878,199747.43551574645,-2.9103830456733704e-11,299758.5917124525,0.0001,0.0,-6.882073990687163e-13
195,1.95,False,1.0,1.0,GRID,3600000.0,188.48932819276658,0.00020009803501285918,199758.5917124525,2.9103830456733704e-11,299769.26187518984,0.0001,0.0,8.20516871663973e-13
196,1.96,False,1.0,1.0,GRID,3600000.0,188.48986178312825,0.00020009383417125912,199769.2618751898,-2.9103830456733704e-11,299779.4669587165,0.0001,0.0,-9.78632556397163e-13
197,1.97,False,1.0,1.0,GRID,3600000.0,188.49036869397185,0.00020008980909391204,199779.46695871648,-2.9103830456733704e-11,299789.2267536372,0.0001,0.0,-1.8132021275372836e-13
198,1.98,False,1.0,1.0,GRID,3600000.0,188.49085025927326,0.0002000859527292821,199789.22675363722,2.9103830456733704e-11,299798.56035206467,0.0001,0.0,5.847002705139728e-13
199,1.99,False,1.0,1.0,GRID,3600000.0,188.4913077463096,0.00020008225823253347,199798.56035206464,-2.9103830456733704e-11,299807.4861476198,0.0001,0.0,-7.523787159760926e-13
200,2.0,False,1.0,1.0,GRID,3600000.0,188.49174235899412,0.00020007871897267528,199807.48614761978,0.0,299816.0216026008,0.0001,0.0,-9.282457203186535e-13
201,2.0100000000000002,False,1.0,1.0,GRID,3600000.0,188.4921552410444,0.00020007532865572056,199816.02160260078,-2.9103830456733704e-11,299824.1834808141,0.0001,0.0,-6.489522244285321e-13
202,2.02,False,1.0,1.0,GRID,3600000.0,188.49254747899218,0.00020007208121477056,199824.18348081413,2.9103830456733704e-11,299831.98784757406,0.0001,0.0,-4.421559092934205e-14
203,2.0300000000000002,False,1.0,1.0,GRID,3600000.0,188.49292010504257,0.0002000689708161398,199831.98784757406,0.0,299839.4501279108,0.0001,0.0,1.4544902934081746e-13
204,2.04,False,1.0,1.0,GRID,3600000.0,188.49327409979045,0.0002000659918360795,199839.45012791082,0.0,299846.5850483626,0.0001,0.0,9.028623817563404e-13
205,2.05,False,1.0,1.0,GRID,3600000.0,188.49361039480092,0.0002000631388953975,199846.58504836258,-2.9103830456733704e-11,299853.40686980635,0.0001,0.0,-9.68380420884042e-13
206,2.06,False,1.0,1.0,GRID,3600000.0,188.49392987506087,0.00020006040674832817,199853.40686980635,0.0,299859.92898000404,0.0001,0.0,5.437227707896378e-14
207,2.07,False,1.0,1.0,GRID,3600000.0,188.49423338130782,0.0002000577904911804,199859.92898000407,2.9103830456733704e-11,299866.1643592641,0.0001,0.0,7.263476772064585e-13
208,2.08,False,1.0,1.0,GRID,3600000.0,188.49452171224243,0.0002000552853343145,199866.16435926405,-2.9103830456733704e-11,299872.12552223355,0.0001,0.0,-6.861916774946855e-13
209,2.09,False,1.0,1.0,GRID,3600000.0,188.49479562663032,0.00020005288663572983,199872.12552223355,0.0,299877.8242850676,0.0001,0.0,-7.63485421269458e-13
210,2.1,False,1.0,1.0,GRID,3600000.0,188.4950558452988,0.0002000505900217191,199877.82428506768,5.820766091346741e-11,299883.2719400525,0.0001,0.0,9.519950095191706e-13
211,2.11,False,1.0,1.0,GRID,3600000.0,188.49530305303387,0.00020004839130363973,199883.2719400525,0.0,299888.4795466438,0.0001,0.0,-6.015078669490272e-13
212,2.12,False,1.0,1.0,GRID,3600000.0,188.49553790038217,0.000200046286336281,199888.4795466438,0.0,299893.4574658051,0.0001,0.0,-7.798479662652343e-13
213,2.13,False,1.0,1.0,GRID,3600000.0,188.49576100536308,0.00020004427125429623,199893.4574658051,0.0,299898.2155928388,0.0001,0.0,9.172026002136865e-13
214,2.14,False,1.0,1.0,GRID,3600000.0,188.4959729550949,0.0002000423423592936,199898.2155928388,-2.9103830456733704e-11,299902.76359021664,0.0001,0.0,6.16629017808248e-13
215,2.15,False,1.0,1.0,GRID,3600000.0,188.49617430734017,0.00020004049600674584,199902.76359021664,0.0,299907.110654749,0.0001,0.0,-6.112754405357706e-13
216,2.16,False,1.0,1.0,GRID,3600000.0,188.49636559197316,0.00020003872872551403,199907.11065474898,0.0,299911.2654593773,0.0001,0.0,-9.674148526109017e-14
217,2.17,False,1.0,1.0,GRID,3600000.0,188.4965473123745,0.00020003703724992528,199911.26545937732,0.0,299915.2364442125,0.0001,0.0,-6.688845213428964e-13
218,2.18,False,1.0,1.0,GRID,3600000.0,188.49671994675577,0.0002000354183771111,199915.2364442125,0.0,299919.03158370405,0.0001,0.0,-2.0457209060423254e-13
219,2.19,False,1.0,1.0,GRID,3600000.0,188.496883949418,0.00020003386908608645,199919.03158370405,0.0,299922.6586194709,0.0001,0.0,-9.389858010062666e-13
220,2.2,False,1.0,1.0,GRID,3600000.0,188.49703975194709,0.00020003238642390703,199922.65861947092,2.9103830456733704e-11,299926.12482747063,0.0001,0.0,-1.4982301261274858e-13
221,2.21,False,1.0,1.0,GRID,3600000.0,188.49718776434972,0.00020003096762448872,199926.1248274706,-2.9103830456733704e-11,299929.43725083023,0.0001,0.0,5.318815396737673e-13
222,2.22,False,1.0,1.0,GRID,3600000.0,188.49732837613223,0.00020002960999451403,199929.43725083023,0.0,299932.60269984603,0.0001,0.0,-3.357249162974934e-13
223,2.23,False,1.0,1.0,GRID,3600000.0,188.4974619573256,0.00020002831091561695,199932.60269984603,0.0,299935.62751915306,0.0001,0.0,7.698998269461206e-13
224,2.24,False,1.0,1.0,GRID,3600000.0,188.49758885945934,0.000200027067962859,199935.62751915306,0.0,299938.5179951787,0.0001,0.0,-5.552431664384292e-13
225,2.25,False,1.0,1.0,GRID,3600000.0,188.49770941648637,0.0002000258787030041,199938.51799517867,-2.9103830456733704e-11,299941.27994868904,0.0001,0.0,-3.415473063877669e-13
226,2.2600000000000002,False,1.0,1.0,GRID,3600000.0,188.49782394566205,0.00020002474090009085,199941.27994868904,0.0,299943.9190258272,0.0001,0.0,-1.5558586970700837e-13
227,2.27,False,1.0,1.0,GRID,3600000.0,188.49793274837896,0.00020002365237171364,199943.91902582723,2.9103830456733704e-11,299946.44063990563,0.0001,0.0,-2.298078356342503e-13
228,2.2800000000000002,False,1.0,1.0,GRID,3600000.0,188.49803611096002,0.00020002261101981236,199946.44063990566,2.9103830456733704e-11,299948.84997140616,0.0001,0.0,-5.959013344637167e-13
229,2.29,False,1.0,1.0,GRID,3600000.0,188.498134305412,0.00020002161483227845,199948.84997140616,0.0,299951.1519097723,0.0001,0.0,1.1006939391733525e-13
230,2.3000000000000003,False,1.0,1.0,GRID,3600000.0,188.4982275901414,0.00020002066191358124,199951.15190977234,2.9103830456733704e-11,299953.35122803226,0.0001,0.0,-6.563398479593514e-14
231,2.31,False,1.0,1.0,GRID,3600000.0,188.49831621063433,0.00020001975039891473,199953.35122803226,0.0,299955.4524663836,0.0001,0.0,-6.013033641979164e-13
232,2.32,False,1.0,1.0,GRID,3600000.0,188.4984004001026,0.00020001887851377466,199955.45246638358,0.0,299957.45993219316,0.0001,0.0,-7.685136023649182e-13
233,2.33,False,1.0,1.0,GRID,3600000.0,188.49848038009748,0.00020001804457526662,199957.45993219313,-2.9103830456733704e-11,299959.37775820494,0.0001,0.0,-8.240713905552725e-13
234,2.34,False,1.0,1.0,GRID,3600000.0,188.4985563610926,0.00020001724696424659,199959.37775820494,0.0,299961.20990253985,0.0001,0.0,-8.737215855317796e-13
235,2.35,False,1.0,1.0,GRID,3600000.0,188.49862854303797,0.00020001648412650068,199961.2099025398,-5.820766091346741e-11,299962.9600904882,0.0001,0.0,3.2228965915228863e-13
236,2.36,False,1.0,1.0,GRID,3600000.0,188.49869711588607,0.00020001575460296657,199962.9600904882,0.0,299964.6320473403,0.0001,0.0,-5.577451488950238e-13
237,2.37,False,1.0,1.0,GRID,3600000.0,188.49876226009178,0.0002000150569143923,199964.6320473403,2.9103830456733704e-11,299966.2291491404,0.0001,0.0,3.0381922617971967e-13
238,2.38,False,1.0,1.0,GRID,3600000.0,188.4988241470872,0.00020001438973695605,199966.22914914045,2.9103830456733704e-11,299967.75477193296,0.0001,0.0,-1.0486127212041056e-13
239,2.39,False,1.0,1.0,GRID,3600000.0,188.49888293973282,0.00020001375172861693,199967.75477193296,0.0,299969.2120589316,0.0001,0.0,-4.0821460254469046e-14
240,2.4,False,1.0,1.0,GRID,3600000.0,188.49893879274617,0.00020001314164643395,199969.2120589316,0.0,299970.6040369347,0.0001,0.0,6.790491183501116e-14
241,2.41,False,1.0,1.0,GRID,3600000.0,188.49899185310886,0.0002000125582892291,199970.60403693467,0.0,299971.93361632526,0.0001,0.0,-1.0674525554027501e-13
242,2.42,False,1.0,1.0,GRID,3600000.0,188.49904226045342,0.0002000120004984101,199971.93361632526,0.0,299973.20359107107,0.0001,0.0,-7.920416378973771e-13
243,2.43,False,1.0,1.0,GRID,3600000.0,188.49909014743076,0.0002000114671587524,199973.20359107107,0.0,299974.4165223092,0.0001,0.0,2.7283550635815094e-13
244,2.44,False,1.0,1.0,GRID,3600000.0,188.49913564005922,0.00020001095725734626,199974.41652230918,0.0,299975.5749711767,0.0001,0.0,7.944079172683578e-13
245,2.45,False,1.0,1.0,GRID,3600000.0,188.49917885805627,0.00020001046976789364,199975.57497117674,5.820766091346741e-11,299976.6813823953,0.0001,0.0,8.523231171391976e-13
246,2.46,False,1.0,1.0,GRID,3600000.0,188.49921991515345,0.0002000100037095825,199976.68138239533,0.0,299977.73808427155,0.0001,0.0,6.299222661509154e-13
247,2.47,False,1.0,1.0,GRID,3600000.0,188.49925891939577,0.00020000955814772348,199977.73808427155,0.0,299978.74728869647,0.0001,0.0,4.148768871855855e-13
248,2.48,False,1.0,1.0,GRID,3600000.0,188.49929597342597,0.00020000913219435446,199978.7472886965,2.9103830456733704e-11,299979.7110911459,0.0001,0.0,5.997934169717236e-13
249,2.49,False,1.0,1.0,GRID,3600000.0,188.49933117475467,0.0002000087250088155,199979.71109114584,-2.9103830456733704e-11,299980.63158709556,0.0001,0.0,-7.03726002711395e-13
250,2.5,False,1.0,1.0,GRID,3600000.0,188.49936461601695,0.00020000833574008897,199980.63158709553,-2.9103830456733704e-11,299981.5106391907,0.0001,0.0,-6.214086705067419e-13
251,2.5100000000000002,False,1.0,1.0,GRID,3600000.0,188.4993963852161,0.00020000796364372844,199981.51063919067,0.0,299982.35011007637,0.0001,0.0,-8.29023634137851e-13
252,2.52,False,1.0,1.0,GRID,3600000.0,188.4994265659553,0.00020000760796594068,199982.35011007637,0.0,299983.15174598247,0.0001,0.0,-6.251725650833756e-13
253,2.5300000000000002,False,1.0,1.0,GRID,3600000.0,188.49945523765754,0.00020000726800225888,199983.1517459825,2.9103830456733704e-11,299983.9171767235,0.0001,0.0,7.990768962316819e-13
254,2.54,False,1.0,1.0,GRID,3600000.0,188.49948247577467,0.00020000694309798666,199983.91717672354,5.820766091346741e-11,299984.64814852923,0.0001,0.0,-4.12392984344502e-13
255,2.5500000000000003,False,1.0,1.0,GRID,3600000.0,188.49950835198592,0.00020000663253220922,199984.64814852923,0.0,299985.34611659124,0.0001,0.0,1.1267332932588123e-13
256,2.56,False,1.0,1.0,GRID,3600000.0,188.49953293438662,0.00020000633572191386,199985.34611659122,-2.9103830456733704e-11,299986.0125943087,0.0001,0.0,-1.2958968479467176e-13
257,2.57,False,1.0,1.0,GRID,3600000.0,188.4995562876673,0.00020000605204775388,199986.01259430876,5.820766091346741e-11,299986.6489786655,0.0001,0.0,-1.2871419641910096e-13
258,2.58,False,1.0,1.0,GRID,3600000.0,188.49957847328395,0.00020000578094171907,199986.6489786655,2.9103830456733704e-11,299987.25660843775,0.0001,0.0,4.2054672461381165e-14
259,2.59,False,1.0,1.0,GRID,3600000.0,188.49959954961975,0.00020000552185837632,199987.25660843772,-2.9103830456733704e-11,299987.8367641941,0.0001,0.0,3.6115279007373484e-13
260,2.6,False,1.0,1.0,GRID,3600000.0,188.49961957213876,0.0002000052742751965,199987.8367641941,2.9103830456733704e-11,299988.3906682953,0.0001,0.0,8.590237798436985e-13
261,2.61,False,1.0,1.0,GRID,3600000.0,188.4996385935318,0.00020000503769286433,199988.39066829532,0.0,299988.9195431024,0.0001,0.0,4.251719402980812e-13
262,2.62,False,1.0,1.0,GRID,3600000.0,188.49965666385523,0.00020000481160647,199988.91954310238,0.0,299989.42455276847,0.0001,0.0,-8.632359275101478e-13
263,2.63,False,1.0,1.0,GRID,3600000.0,188.49967383066246,0.00020000459553489193,199989.42455276847,0.0,299989.90662861615,0.0001,0.0,7.036301413474307e-13
264,2.64,False,1.0,1.0,GRID,3600000.0,188.49969013912934,0.00020000438910837268,199989.9066286161,-5.820766091346741e-11,299990.36693479866,0.0001,0.0,-4.826767289890537e-13
265,2.65,False,1.0,1.0,GRID,3600000.0,188.49970563217286,0.0002000041918359456,199990.36693479866,0.0,299990.80640263855,0.0001,0.0,-7.221716036591094e-13
266,2.66,False,1.0,1.0,GRID,3600000.0,188.49972035056422,0.00020000400333850075,199990.80640263855,0.0,299991.2259634584,0.0001,0.0,-8.596257570785234e-13
267,2.67,False,1.0,1.0,GRID,3600000.0,188.499734333036,0.00020000382323259958,199991.2259634584,-2.9103830456733704e-11,299991.6264321655,0.0001,0.0,6.423751287846202e-13
268,2.68,False,1.0,1.0,GRID,3600000.0,188.4997476163842,0.0002000036511888984,199991.62643216547,-2.9103830456733704e-11,299992.0087400824,0.0001,0.0,6.605196186003745e-13
269,2.69,False,1.0,1.0,GRID,3600000.0,188.499760235565,0.0002000034868159407,199992.00874008238,0.0,299992.3737021163,0.0001,0.0,7.242039894202004e-13
270,2.7,False,1.0,1.0,GRID,3600000.0,188.49977222378675,0.00020000332977676574,199992.3737021163,0.0,299992.72213317454,0.0001,0.0,8.901390475414229e-14
271,2.71,False,1.0,1.0,GRID,3600000.0,188.4997836125974,0.00020000317973088746,199992.7221331745,-2.9103830456733704e-11,299993.054731749,0.0001,0.0,3.9352375687505175e-13
272,2.72,False,1.0,1.0,GRID,3600000.0,188.49979443196753,0.0002000030363926776,199993.05473174903,2.9103830456733704e-11,299993.3722545393,0.0001,0.0,-1.9039770031909296e-13
273,2.73,False,1.0,1.0,GRID,3600000.0,188.49980471036915,0.00020000289944422335,199993.3722545393,2.9103830456733704e-11,299993.67534182966,0.0001,0.0,2.7500985429857125e-14
274,2.74,False,1.0,1.0,GRID,3600000.0,188.4998144748507,0.00020000276862279623,199993.67534182966,0.0,299993.9646339044,0.0001,0.0,4.643492296400342e-13
275,2.75,False,1.0,1.0,GRID,3600000.0,188.49982375110815,0.00020000264366279671,199993.9646339044,0.0,299994.2407710478,0.0001,0.0,5.344053585073931e-13
276,2.7600000000000002,False,1.0,1.0,GRID,3600000.0,188.49983256355276,0.00020000252429589794,199994.24077104783,5.820766091346741e-11,299994.5043353364,0.0001,0.0,8.424574276035055e-13
277,2.77,False,1.0,1.0,GRID,3600000.0,188.49984093537512,0.00020000241028028505,199994.50433533642,2.9103830456733704e-11,299994.75590884686,0.0001,0.0,8.556522564053958e-13
278,2.7800000000000002,False,1.0,1.0,GRID,3600000.0,188.49984888860635,0.00020000230137168205,199994.75590884683,-2.9103830456733704e-11,299994.9960736558,0.0001,0.0,3.8675566113646605e-14
279,2.79,False,1.0,1.0,GRID,3600000.0,188.49985644417603,0.00020000219732347436,199994.9960736558,2.9103830456733704e-11,299995.22529542446,0.0001,0.0,2.403885743888229e-13
280,2.8000000000000003,False,1.0,1.0,GRID,3600000.0,188.49986362196722,0.00020000209794503298,199995.22529542446,0.0,299995.44409802184,0.0001,0.0,-1.5592540659284546e-13
281,2.81,False,1.0,1.0,GRID,3600000.0,188.49987044086885,0.00020000200301451517,199995.4440980218,-2.9103830456733704e-11,299995.65288890153,0.0001,0.0,7.524704595315701e-13
282,2.82,False,1.0,1.0,GRID,3600000.0,188.4998769188254,0.00020000191236628032,199995.65288890153,0.0,299995.8521919325,0.0001,0.0,2.0969470083930395e-13
283,2.83,False,1.0,1.0,GRID,3600000.0,188.49988307288413,0.0002000018257745763,199995.8521919325,0.0,299996.04241456836,0.0001,0.0,1.145748052640267e-13
284,2.84,False,1.0,1.0,GRID,3600000.0,188.49988891923994,0.0002000017430700488,199996.04241456836,0.0,299996.22396426275,0.0001,0.0,9.402963596536988e-14
285,2.85,False,1.0,1.0,GRID,3600000.0,188.49989447327795,0.0002000016640816247,199996.22396426278,2.9103830456733704e-11,299996.3972484693,0.0001,0.0,-2.267407295990082e-13
286,2.86,False,1.0,1.0,GRID,3600000.0,188.49989974961406,0.00020000158863659804,199996.3972484693,0.0,299996.56261643395,0.0001,0.0,-3.0912036710749215e-14
287,2.87,False,1.0,1.0,GRID,3600000.0,188.49990476213335,0.00020000151658981522,199996.56261643395,0.0,299996.7204174027,0.0001,0.0,3.6173914720872097e-13
288,2.88,False,1.0,1.0,GRID,3600000.0,188.4999095240267,0.00020000144779464915,199996.72041740268,0.0,299996.8710588291,0.0001,0.0,-5.632942972742341e-13
289,2.89,False,1.0,1.0,GRID,3600000.0,188.49991404782537,0.0002000013820739692,199996.87105882916,2.9103830456733704e-11,299997.0148317516,0.0001,0.0,-8.003557316675838e-13
290,2.9,False,1.0,1.0,GRID,3600000.0,188.4999183454341,0.00020000131930752196,199997.0148317516,2.9103830456733704e-11,299997.1519690007,0.0001,0.0,5.780393725524528e-13
291,2.91,False,1.0,1.0,GRID,3600000.0,188.4999224281624,0.0002000012594028943,199997.1519690007,0.0,299997.28281982243,0.0001,0.0,9.765484026892843e-13
292,2.92,False,1.0,1.0,GRID,3600000.0,188.49992630675428,0.00020000120220826584,199997.28281982246,2.9103830456733704e-11,299997.40773346275,0.0001,0.0,6.872804571539864e-14
293,2.93,False,1.0,1.0,GRID,3600000.0,188.49992999141656,0.00020000114757067562,199997.40773346275,0.0,299997.5269427523,0.0001,0.0,-8.649155285212729e-14
294,2.94,False,1.0,1.0,GRID,3600000.0,188.49993349184572,0.0002000010953942872,199997.52694275227,-2.9103830456733704e-11,299997.6406805217,0.0001,0.0,2.986378277916889e-13
295,2.95,False,1.0,1.0,GRID,3600000.0,188.49993681725343,0.00020000104558223468,199997.64068052173,0.0,299997.74923780933,0.0001,0.0,-1.8242206790305806e-13
296,2.96,False,1.0,1.0,GRID,3600000.0,188.49993997639075,0.00020000099800757145,199997.74923780933,0.0,299997.8527892381,0.0001,0.0,5.843771012883172e-13
297,2.97,False,1.0,1.0,GRID,3600000.0,188.4999429775712,0.00020000095260062925,199997.8527892381,0.0,299997.9516258463,0.0001,0.0,5.554145251352482e-14
298,2.98,False,1.0,1.0,GRID,3600000.0,188.49994582869266,0.00020000090923265025,199997.95162584636,2.9103830456733704e-11,299998.045922257,0.0001,0.0,3.433081537151725e-13
299,2.99,False,1.0,1.0,GRID,3600000.0,188.49994853725804,0.00020000086783224607,199998.045922257,0.0,299998.1359113008,0.0001,0.0,9.572023458138051e-14
300,3.0,True,0.75,0.96,TRANSFER,3599973.6842105263,188.49995111039513,0.00020000082829812828,199998.13591130078,0.0,299998.2218258083,0.0001,0.0,-9.049260353641732e-13
301,3.0100000000000002,True,0.75,0.9279999999999999,TRANSFER,3599947.3684210526,188.49995355487536,0.000200000790528252,199998.22182580832,2.9103830456733704e-11,299998.30378219485,0.0001,0.0,-4.90576754566549e-13
302,3.02,True,0.75,0.9024,TRANSFER,3599921.052631579,188.49995587713158,0.00020000075447806147,199998.30378219482,-2.9103830456733704e-11,299998.38195508346,0.0001,0.0,4.274760395925176e-14
303,3.0300000000000002,True,0.75,0.88192,TRANSFER,3599894.736842105,188.073948083275,0.00019909569738749553,199998.38195508343,-2.9103830456733704e-11,299954.30909330025,0.0001,0.0,7.650952786291266e-14
304,3.04,True,0.75,0.8655360000000001,TRANSFER,3599868.4210526315,187.28319267911127,0.00019743261625501521,199954.30909330028,2.9103830456733704e-11,299830.1852727309,0.0001,0.0,3.0037096552024524e-14
305,3.0500000000000003,True,0.75,0.8924288,BATTERY,3599842.1052631577,187.1656366451557,0.00019724440586593863,199830.18527273092,2.9103830456733704e-11,299699.90791287273,0.0001,0.0,-8.933346391693951e-13
306,3.06,True,0.75,0.91394304,BATTERY,3599815.789473684,187.2323548128979,0.00019745290847161053,199699.90791287276,2.9103830456733704e-11,299582.9788502306,0.0001,0.0,2.993383798414995e-13
307,3.0700000000000003,True,0.75,0.931154432,BATTERY,3599789.4736842103,187.29573707225302,0.00019764737132434165,199582.97885023063,5.820766091346741e-11,299478.3877162263,0.0001,0.0,1.4631439819556944e-13
308,3.08,True,0.75,0.9449235456,BATTERY,3599763.1578947366,187.35595021864037,0.00019782869499419245,199478.38771622628,0.0,299385.1926526986,0.0001,0.0,-6.16033823413087e-14
309,3.09,True,0.75,0.95593883648,BATTERY,3599736.842105263,187.41315270770835,0.0001979977224500591,199385.19265269864,2.9103830456733704e-11,299302.5158299133,0.0001,0.0,9.908082091834457e-13
310,3.1,True,0.75,0.964751069184,BATTERY,3599710.526315789,187.46749507232292,0.00019815524293128893,199302.5158299133,-2.9103830456733704e-11,299229.53948844224,0.0001,0.0,1.648932019199863e-14
311,3.11,True,0.75,0.9718008553472,BATTERY,3599684.2105263155,187.51912031870677,0.0001983019954148613,199229.53948844227,2.9103830456733704e-11,299165.5017482117,0.0001,0.0,-6.54633327212977e-13
312,3.12,True,0.75,0.97744068427776,BATTERY,3599657.894736842,187.56816430277144,0.00019843867207490956,199165.50174821168,0.0,299109.6930578351,0.0001,0.0,-6.464764009897093e-13
313,3.13,True,0.75,0.9819525474222079,BATTERY,3599631.578947368,187.61475608763286,0.00019856592130668935,199109.69305783507,-2.9103830456733704e-11,299061.45276036114,0.0001,0.0,8.759881254464234e-13
314,3.14,True,0.75,0.9855620379377663,BATTERY,3599605.2631578944,187.6590182832512,0.00019868435059113124,199061.45276036114,0.0,299020.16618289053,0.0001,0.0,-9.50902020372474e-13
315,3.15,True,0.75,0.988449630350213,BATTERY,3599578.9473684207,187.70106736908866,0.0001987945290048778,199020.16618289053,0.0,298985.2611441165,0.0001,0.0,-7.917002030787118e-13
316,3.16,True,0.75,0.9907597042801705,BATTERY,3599552.631578947,187.74101400063424,0.00019889698994137155,198985.26114411655,2.9103830456733704e-11,298956.205509603,0.0001,0.0,-1.2316001026387399e-13
317,3.17,True,0.75,0.9926077634241364,BATTERY,3599526.3157894732,187.77896330060253,0.00019899223323046022,198956.20550960302,0.0,298932.5045142323,0.0001,0.0,8.807589884410102e-13
318,3.18,True,0.75,0.9940862107393091,BATTERY,3599499.9999999995,187.8150151355724,0.0001990807273083326,198932.5045142323,2.9103830456733704e-11,298913.6984338984,0.0001,0.0,-3.019388379581126e-13
319,3.19,True,0.75,0.9952689685914473,BATTERY,3599473.684210526,187.84926437879378,0.00019916291115105192,198913.6984338984,0.0,298899.36002437025,0.0001,0.0,-6.705704860554788e-13
320,3.2,True,0.75,0.9962151748731578,BATTERY,3599447.368421052,187.8818011598541,0.00019923919626967402,198899.36002437025,0.0,298889.0925422311,0.0001,0.0,-3.5865812435225875e-13
321,3.21,True,0.75,0.9969721398985263,BATTERY,3599421.0526315784,187.9127111018614,0.00019930996836253005,198889.09254223108,0.0,298882.52776581794,0.0001,0.0,7.883931130727473e-15
322,3.22,True,0.75,0.997577711918821,BATTERY,3599394.7368421047,187.9420755467683,0.00019937558892164407,198882.52776581794,0.0,298879.3241325766,0.0001,0.0,-4.798171143179881e-13
323,3.23,True,0.75,0.9980621695350569,BATTERY,3599368.421052631,187.9699717694299,0.00019943639673868953,198879.32413257658,0.0,298879.1648764163,0.0001,0.0,-5.763134500875284e-13
324,3.24,True,0.75,0.9984497356280455,BATTERY,3599342.1052631573,187.9964731809584,0.00019949270937238273,198879.16487641633,0.0,298881.7563978955,0.0001,0.0,7.438511715190751e-13
325,3.25,True,0.75,0.9987597885024364,BATTERY,3599315.7894736836,188.02164952191046,0.0001995448244637184,198881.75639789551,0.0,298886.826983653,0.0001,0.0,-7.432579947563945e-13
326,3.2600000000000002,True,0.75,0.9990078308019491,BATTERY,3599289.47368421,188.04556704581495,0.0001995930208437235,198886.82698365304,2.9103830456733704e-11,298894.124943763,0.0001,0.0,-8.303581856362335e-13
327,3.27,True,0.75,0.9992062646415593,BATTERY,3599263.157894736,188.0682886935242,0.00019963755990301464,198894.12494376302,0.0,298903.41750578955,0.0001,0.0,-9.041074367560589e-14
328,3.2800000000000002,True,0.75,0.9993650117132474,BATTERY,3599236.8421052624,188.089874258848,0.00019967868655449856,198903.4175057895,-5.820766091346741e-11,298914.4895924255,0.0001,0.0,2.556625103916838e-14
329,3.29,True,0.75,0.9994920093705979,BATTERY,3599210.5263157887,188.1103805459056,0.00019971663022902818,198914.48959242553,0.0,298927.14254092425,0.0001,0.0,-1.1408462091078912e-14
330,3.3000000000000003,True,0.75,0.9995936074964783,BATTERY,3599184.210526315,188.1298615186103,0.00019975160587662726,198927.14254092428,2.9103830456733704e-11,298941.1930553615,0.0001,0.0,-9.397986555785292e-13
331,3.31,True,0.75,0.9996748859971827,BATTERY,3599157.8947368413,188.14836844267978,0.00019978381482926668,198941.19305536145,-5.820766091346741e-11,298956.4719842747,0.0001,0.0,2.5886580746845107e-13
332,3.3200000000000003,True,0.75,0.9997399087977461,BATTERY,3599131.5789473676,188.16595002054578,0.0001998134457307902,198956.47198427469,0.0,298972.8236803785,0.0001,0.0,-3.147528898682109e-14
333,3.33,True,0.75,0.9997919270381969,BATTERY,3599105.263157894,188.18265251951848,0.00019984067515665848,198972.82368037853,2.9103830456733704e-11,298990.1048364118,0.0001,0.0,-3.8221296463276277e-13
334,3.34,True,0.75,0.9998335416305575,BATTERY,3599078.94736842,188.19851989354257,0.00019986566847842065,198990.10483641177,0.0,299008.1836702302,0.0001,0.0,-3.3063174060375005e-14
335,3.35,True,0.75,0.999866833304446,BATTERY,3599052.6315789465,188.21359389886544,0.00019988858053704455,199008.18367023027,5.820766091346741e-11,299026.9392263144,0.0001,0.0,-1.9779697306177577e-13
336,3.36,True,0.75,0.9998934666435568,BATTERY,3599026.315789473,188.22791420392218,0.00019990955624281314,199026.93922631443,0.0,299046.2605608627,0.0001,0.0,-7.285841168788794e-13
337,3.37,True,0.75,0.9999147733148455,BATTERY,3598999.999999999,188.24151849372606,0.00019992873121927042,199046.26056086272,0.0,299066.0459268838,0.0001,0.0,9.354065753418009e-13
338,3.38,True,0.75,0.9999318186518764,BATTERY,3598973.6842105254,188.25444256903975,0.00019994623243386556,199066.04592688385,2.9103830456733704e-11,299086.20248315856,0.0001,0.0,6.679143404989023e-14
339,3.39,True,0.75,0.9999454549215011,BATTERY,3598947.3684210517,188.26672044058776,0.0001999621785541576,199086.20248315856,0.0,299106.6453047097,0.0001,0.0,-5.292195257538182e-13
340,3.4,False,1.0,0.9999563639372009,RECOVERY,3598952.3684210517,188.27838441855837,0.00019997668064175304,199106.64530470964,-2.9103830456733704e-11,299127.2969171405,0.0001,0.0,-6.543342583022682e-14
341,3.41,False,1.0,0.9999650911497607,RECOVERY,3598957.3684210517,188.28946519763045,0.0001999898425732948,199127.29691714048,0.0,299148.0868309736,0.0001,0.0,8.811451519263338e-13
342,3.42,False,1.0,0.9999720729198086,RECOVERY,3598962.3684210517,188.29999193774893,0.000200001761451237,199148.08683097363,0.0,299168.9511341974,0.0001,0.0,-1.8033749298984847e-13
343,3.43,False,1.0,0.9999776583358468,RECOVERY,3598967.3684210517,188.30999234086147,0.0002000125279759102,199168.9511341974,0.0,299189.83173556626,0.0001,0.0,8.075018624312182e-14
344,3.44,False,1.0,0.9999821266686775,RECOVERY,3598972.3684210517,188.3194927238184,0.00020002222698316168,199189.83173556632,5.820766091346741e-11,299210.67613177,0.0001,0.0,9.93201537727725e-13
345,3.45,False,1.0,0.999985701334942,RECOVERY,3598977.3684210517,188.3285180876275,0.00020003093771155225,199210.67613177004,2.9103830456733704e-11,299231.437058188,0.0001,0.0,6.540981081106121e-13
346,3.46,False,1.0,0.9999885610679536,RECOVERY,3598982.3684210517,188.3370921832461,0.0002000387341197722,199231.43705818802,0.0,299252.07196502015,0.0001,0.0,6.195456262475681e-16
347,3.47,False,1.0,0.999990848854363,RECOVERY,3598987.3684210517,188.3452375740838,0.00020004568528381007,199252.07196502018,2.9103830456733704e-11,299272.54266804084,0.0001,0.0,-1.1062418723642724e-13
348,3.48,False,1.0,0.9999926790834903,RECOVERY,3598992.3684210517,188.3529756953796,0.00020005185569970508,199272.54266804087,2.9103830456733704e-11,299292.8150575608,0.0001,0.0,3.805254744138424e-13
349,3.49,False,1.0,0.9999941432667923,RECOVERY,3598997.3684210517,188.3603269106106,0.00020005730555049857,199292.8150575608,0.0,299312.85886559635,0.0001,0.0,-4.3010666100733175e-14
350,3.5,False,1.0,0.9999953146134338,RECOVERY,3599002.3684210517,188.3673105650801,0.0002000620909377646,199312.85886559635,0.0,299332.6472584158,0.0001,0.0,-5.47832599584248e-13
351,3.5100000000000002,False,1.0,0.999996251690747,RECOVERY,3599007.3684210517,188.3739450368261,0.00020006626419445038,199332.64725841582,0.0,299352.1565455012,0.0001,0.0,1.799920938121445e-13
352,3.52,False,1.0,0.9999970013525976,RECOVERY,3599012.3684210517,188.3802477849848,0.0002000698741338741,199352.1565455012,0.0,299371.3660631329,0.0001,0.0,7.496740635954839e-13
353,3.5300000000000002,False,1.0,0.9999976010820781,RECOVERY,3599017.3684210517,188.38623539573555,0.00020007296620610574,199371.36606313288,0.0,299390.25794155896,0.0001,0.0,-3.331952389671053e-13
354,3.54,False,1.0,0.9999980808656626,RECOVERY,3599022.3684210517,188.39192362594878,0.00020007558270749293,199390.25794155896,0.0,299408.81663933396,0.0001,0.0,4.323258179253759e-13
355,3.5500000000000003,False,1.0,0.9999984646925301,RECOVERY,3599027.3684210517,188.39732744465135,0.00020007776310178156,199408.81663933396,0.0,299427.0290597342,0.0001,0.0,1.6390980587970737e-13
356,3.56,False,1.0,0.9999987717540241,RECOVERY,3599032.3684210517,188.4024610724188,0.00020007954404578797,199427.0290597342,0.0,299444.88420151174,0.0001,0.0,-8.905188067264375e-13
357,3.5700000000000003,False,1.0,0.9999990174032193,RECOVERY,3599037.3684210517,188.40733801879784,0.00020008095964354084,199444.8842015117,-2.9103830456733704e-11,299462.3728678562,0.0001,0.0,-1.1727593670651746e-13
358,3.58,False,1.0,0.9999992139225754,RECOVERY,3599042.3684210517,188.41197111785795,0.00020008204166727607,199462.37286785617,0.0,299479.4877246022,0.0001,0.0,6.700539981867699e-13
359,3.59,False,1.0,0.9999993711380604,RECOVERY,3599047.3684210517,188.41637256196503,0.00020008281960004454,199479.48772460222,0.0,299496.2231256068,0.0001,0.0,1.7150099170360302e-14
360,3.6,False,1.0,0.9999994969104483,RECOVERY,3599052.3684210517,188.42055393386678,0.00020008332079105476,199496.22312560678,0.0,299512.5748217106,0.0001,0.0,-5.418767702660396e-13
361,3.61,False,1.0,0.9999995975283587,RECOVERY,3599057.3684210517,188.42452623717344,0.00020008357066575336,199512.5748217106,0.0,299528.5399025306,0.0001,0.0,-9.01912439070555e-13
362,3.62,False,1.0,0.999999678022687,RECOVERY,3599062.3684210517,188.42829992531478,0.00020008359281627357,199528.5399025306,0.0,299544.116621837,0.0001,0.0,1.1922687338909393e-13
363,3.63,False,1.0,0.9999997424181496,RECOVERY,3599067.3684210517,188.43188492904903,0.000200083409146971,199544.11662183702,0.0,299559.3045139685,0.0001,0.0,-9.526433993039548e-13
364,3.64,False,1.0,0.9999997939345197,RECOVERY,3599072.3684210517,188.4352906825966,0.0002000830398715659,199559.30451396853,0.0,299574.1039281711,0.0001,0.0,-3.7657108659414646e-13
365,3.65,False,1.0,0.9999998351476157,GRID,3599077.3684210517,188.43852614846676,0.00020008250379841648,199574.1039281711,0.0,299588.5162614286,0.0001,0.0,-9.9744775481459e-13
366,3.66,False,1.0,0.9999998681180926,GRID,3599082.3684210517,188.44159984104343,0.00020008181826405104,199588.51626142862,2.9103830456733704e-11,299602.5436092168,0.0001,0.0,-4.963216654196929e-13
367,3.67,False,1.0,0.9999998944944741,GRID,3599087.3684210517,188.44451984899126,0.0002000809993551105,199602.54360921684,2.9103830456733704e-11,299616.1888819188,0.0001,0.0,-5.39888488218456e-13
368,3.68,False,1.0,0.9999999155955793,GRID,3599092.3684210517,188.4472938565417,0.00020008006189517764,199616.1888819188,0.0,299629.4555719942,0.0001,0.0,3.0767259667807247e-13
369,3.69,False,1.0,0.9999999324764635,GRID,3599097.3684210517,188.44992916371461,0.00020007901960390084,199629.45557199419,0.0,299642.3478703946,0.0001,0.0,-2.993044988412467e-13
370,3.7,False,1.0,0.9999999459811708,GRID,3599102.3684210517,188.45243270552888,0.00020007788507942192,199642.3478703946,0.0,299654.87031731755,0.0001,0.0,9.823039831464194e-13
371,3.71,False,1.0,0.9999999567849367,GRID,3599107.3684210517,188.45481107025245,0.00020007667001150847,199654.87031731755,0.0,299667.02815145254,0.0001,0.0,-7.469177240468239e-13
372,3.72,False,1.0,0.9999999654279493,GRID,3599112.3684210517,188.45707051673983,0.0002000753850436457,199667.0281514525,-2.9103830456733704e-11,299678.8267279044,0.0001,0.0,1.5065674727507988e-13
373,3.73,False,1.0,0.9999999723423595,GRID,3599117.3684210517,188.45921699090283,0.00020007404009877587,199678.82672790438,0.0,299690.2719256468,0.0001,0.0,1.8110381846736645e-13
374,3.74,False,1.0,0.9999999778738876,GRID,3599122.3684210517,188.4612561413577,0.00020007264420872204,199690.2719256468,0.0,299701.36985648423,0.0001,0.0,6.637314650652285e-13
375,3.75,False,1.0,0.9999999822991101,GRID,3599127.3684210517,188.4631933342898,0.00020007120569107029,199701.36985648423,0.0,299712.126981467,0.0001,0.0,-2.9931870946006323e-13
376,3.7600000000000002,False,1.0,0.9999999858392881,GRID,3599132.3684210517,188.4650336675753,0.0002000697321208319,199712.126981467,0.0,299722.5498780608,0.0001,0.0,-7.500746833656484e-13
377,3.77,False,1.0,0.9999999886714305,GRID,3599137.3684210517,188.46678198419656,0.00020006823047517342,199722.54987806082,0.0,299732.6452983543,0.0001,0.0,-5.79873944013758e-13
378,3.7800000000000002,False,1.0,0.9999999909371444,GRID,3599142.3684210517,188.46844288498673,0.00020006670713126486,199732.64529835433,0.0,299742.4201108515,0.0001,0.0,8.258951167328661e-13
379,3.79,False,1.0,0.9999999927497155,GRID,3599147.3684210517,188.4700207407374,0.000200065167920969,199742.42011085156,2.9103830456733704e-11,299751.8814750947,0.0001,0.0,-1.0144195867955965e-13
380,3.8000000000000003,False,1.0,0.9999999941997724,GRID,3599152.3684210517,188.47151970370052,0.00020006361806787498,199751.8814750947,0.0,299761.03643421084,0.0001,0.0,6.684469395166032e-13
381,3.81,False,1.0,0.9999999953598179,GRID,3599157.3684210517,188.4729437185155,0.00020006206241406153,199761.03643421087,2.9103830456733704e-11,299769.89226415753,0.0001,0.0,-3.1695117234748426e-13
382,3.8200000000000003,False,1.0,0.9999999962878543,GRID,3599162.3684210517,188.47429653258973,0.00020006050526748075,199769.89226415753,0.0,299778.4561244771,0.0001,0.0,-1.1489008518676132e-15
383,3.83,False,1.0,0.9999999970302834,GRID,3599167.3684210517,188.47558170596025,0.0002000589505973801,199778.45612447712,2.9103830456733704e-11,299786.73523291945,0.0001,0.0,8.120730612577613e-13
384,3.84,False,1.0,0.9999999976242268,GRID,3599172.3684210517,188.47680262066223,0.00020005740196683334,199786.73523291945,0.0,299794.7369236499,0.0001,0.0,-3.096006735560591e-13
385,3.85,False,1.0,0.9999999980993814,GRID,3599177.3684210517,188.4779624896291,0.00020005586252246836,199794.73692364994,2.9103830456733704e-11,299802.4682980031,0.0001,0.0,8.864034034756525e-13
386,3.86,False,1.0,0.9999999984795052,GRID,3599182.3684210517,188.47906436514765,0.00020005433518692644,199802.46829800308,0.0,299809.9366319366,0.0001,0.0,1.9228809896880375e-13
387,3.87,False,1.0,0.9999999987836041,GRID,3599187.3684210517,188.48011114689027,0.00020005282247218635,199809.93663193658,0.0,299817.14902678505,0.0001,0.0,6.182449626878294e-14
388,3.88,False,1.0,0.9999999990268833,GRID,3599192.3684210517,188.48110558954576,0.00020005132667028417,199817.14902678505,0.0,299824.1125838831,0.0001,0.0,-7.636186111520691e-13
389,3.89,False,1.0,0.9999999992215066,GRID,3599197.3684210517,188.48205031006847,0.00020004984978136569,199824.1125838831,0.0,299830.83417173475,0.0001,0.0,9.384654387162127e-13
390,3.9,False,1.0,0.9999999993772053,GRID,3599202.3684210517,188.48294779456506,0.0002000483936446471,199830.83417173478,2.9103830456733704e-11,299837.32083346695,0.0001,0.0,-6.730304258530654e-15
391,3.91,False,1.0,0.9999999995017642,GRID,3599207.3684210517,188.4838004048368,0.00020004695974858622,199837.32083346692,-2.9103830456733704e-11,299843.57932116836,0.0001,0.0,3.3397371510578186e-13
392,3.92,False,1.0,0.9999999996014114,GRID,3599212.3684210517,188.484610384595,0.00020004554947681202,199843.57932116836,0.0,299849.61638692766,0.0001,0.0,-3.1837836955347164e-14
393,3.93,False,1.0,0.9999999996811291,GRID,3599217.3684210517,188.48537986536525,0.0002000441639751413,199849.6163869276,-5.820766091346741e-11,299855.4386664182,0.0001,0.0,-9.478784120445742e-13
394,3.94,False,1.0,0.9999999997449033,GRID,3599222.3684210517,188.486110872097,0.00020004280422164858,199855.43866641817,-2.9103830456733704e-11,299861.05256248266,0.0001,0.0,1.9118044274517635e-14
395,3.95,False,1.0,0.9999999997959226,GRID,3599227.3684210517,188.48680532849212,0.00020004147109614588,199861.05256248263,-2.9103830456733704e-11,299866.46447796375,0.0001,0.0,5.47542183035686e-13
396,3.96,False,1.0,0.999999999836738,GRID,3599232.3684210517,188.4874650620675,0.00020004016527451317,199866.46447796375,0.0,299871.68069928885,0.0001,0.0,4.983667439248307e-13
397,3.97,False,1.0,0.9999999998693905,GRID,3599237.3684210517,188.48809180896413,0.00020003888729707887,199871.68069928882,-2.9103830456733704e-11,299876.70739647,0.0001,0.0,-3.447794534728921e-13
398,3.98,False,1.0,0.9999999998955124,GRID,3599242.3684210517,188.48868721851593,0.00020003763757829745,199876.70739647,0.0,299881.55050668865,0.0001,0.0,1.2058022658037703e-13
399,3.99,False,1.0,0.9999999999164099,GRID,3599247.3684210517,188.48925285759015,0.00020003641647414058,199881.5505066886,-5.820766091346741e-11,299886.2159671262,0.0001,0.0,-7.18173240059314e-13
400,4.0,False,1.0,0.9999999999331279,GRID,3599252.3684210517,188.48979021471064,0.00020003522417443972,199886.21596712622,2.9103830456733704e-11,299890.7094821334,0.0001,0.0,-8.66770944842611e-13
401,4.01,False,1.0,0.9999999999465023,GRID,3599257.3684210517,188.4903007039751,0.00020003406082757958,199890.7094821334,0.0,299895.0366396457,0.0001,0.0,-6.424894226641604e-13
402,4.0200000000000005,False,1.0,0.9999999999572019,GRID,3599262.3684210517,188.49078566877634,0.00020003292649018668,199895.03663964567,-2.9103830456733704e-11,299899.20291118324,0.0001,0.0,-3.961557904625338e-13
403,4.03,False,1.0,0.9999999999657615,GRID,3599267.3684210517,188.49124638533752,0.00020003182113462095,199899.20291118324,0.0,299903.2136518508,0.0001,0.0,-5.046560998907937e-13
404,4.04,False,1.0,0.9999999999726092,GRID,3599272.3684210517,188.49168406607063,0.00020003074465609337,199903.2136518508,-2.9103830456733704e-11,299907.07404213026,0.0001,0.0,-1.7056060503177034e-13
405,4.05,False,1.0,0.9999999999780874,GRID,3599277.3684210517,188.4920998627671,0.00020002969690852777,199907.0740421303,2.9103830456733704e-11,299910.78914608806,0.0001,0.0,2.5632770103527214e-13
406,4.0600000000000005,False,1.0,0.9999999999824699,GRID,3599282.3684210517,188.49249486962876,0.00020002867768188662,199910.78914608806,0.0,299914.3639113754,0.0001,0.0,4.204521133397829e-13
407,4.07,False,1.0,0.9999999999859759,GRID,3599287.3684210517,188.49287012614732,0.0002000276867082746,199914.3639113754,0.0,299917.80316922814,0.0001,0.0,-3.339411971932994e-14
408,4.08,False,1.0,0.9999999999887808,GRID,3599292.3684210517,188.49322661983996,0.00020002672366773794,199917.8031692281,-2.9103830456733704e-11,299921.11157625914,0.0001,0.0,-2.6101163006063206e-13
409,4.09,False,1.0,0.9999999999910246,GRID,3599297.3684210517,188.49356528884795,0.0002000257882228742,199921.11157625914,0.0,299924.29367266595,0.0001,0.0,-5.415951237907343e-13
410,4.1,False,1.0,0.9999999999928197,GRID,3599302.3684210517,188.49388702440555,0.000200024879994967,199924.29367266592,-2.9103830456733704e-11,299927.35382402316,0.0001,0.0,5.581135108976998e-14
411,4.11,False,1.0,0.9999999999942558,GRID,3599307.3684210517,188.49419267318527,0.00020002399859805927,199927.35382402316,0.0,299930.29633769765,0.0001,0.0,1.5572049075104553e-13
412,4.12,False,1.0,0.9999999999954047,GRID,3599312.3684210517,188.49448303952602,0.00020002314358547803,199930.29633769765,0.0,299933.12540464103,0.0001,0.0,-4.557100378513029e-13
413,4.13,False,1.0,0.9999999999963237,GRID,3599317.3684210517,188.49475888754972,0.00020002231448342257,199933.12540464103,0.0,299935.84498297423,0.0001,0.0,4.2527146842796956e-13
414,4.14,False,1.0,0.999999999997059,GRID,3599322.3684210517,188.49502094317222,0.0002000215108534309,199935.84498297426,2.9103830456733704e-11,299938.45908902586,0.0001,0.0,-8.121145249366626e-13
415,4.15,False,1.0,0.9999999999976472,GRID,3599327.3684210517,188.4952698960136,0.0002000207321509282,199938.45908902588,2.9103830456733704e-11,299940.9714480862,0.0001,0.0,-7.543218442457401e-13
416,4.16,False,1.0,0.9999999999981177,GRID,3599332.3684210517,188.49550640121294,0.00020001997790367992,199940.9714480862,0.0,299943.38566903025,0.0001,0.0,6.502838507482621e-13
417,4.17,False,1.0,0.9999999999984942,GRID,3599337.3684210517,188.4957310811523,0.00020001924762814706,199943.38566903025,0.0,299945.70541894063,0.0001,0.0,-7.953095593462377e-14
418,4.18,False,1.0,0.9999999999987954,GRID,3599342.3684210517,188.49594452709468,0.0002000185407456574,199945.70541894063,0.0,299947.93413206935,0.0001,0.0,-5.82951599859661e-13
419,4.19,False,1.0,0.9999999999990363,GRID,3599347.3684210517,188.49614730073995,0.0002000178567312105,199947.93413206938,2.9103830456733704e-11,299950.07512625307,0.0001,0.0,-7.155904211192773e-13
420,4.2,False,1.0,0.9999999999992291,GRID,3599352.3684210517,188.49633993570296,0.00020001719505841206,199950.07512625304,-2.9103830456733704e-11,299952.13160291314,0.0001,0.0,-2.7624598030213065e-13
421,4.21,False,1.0,0.9999999999993833,GRID,3599357.3684210517,188.49652293891782,0.00020001655520245299,199952.13160291314,0.0,299954.10670526326,0.0001,0.0,-1.971809683839723e-13
422,4.22,False,1.0,0.9999999999995066,GRID,3599362.3684210517,188.49669679197194,0.0002000159366138384,199954.10670526326,0.0,299956.0034601018,0.0001,0.0,-2.1298300742561478e-13
423,4.23,False,1.0,0.9999999999996053,GRID,3599367.3684210517,188.49686195237334,0.00020001533875017738,199956.00346010184,5.820766091346741e-11,299957.82477781177,0.0001,0.0,7.071846901843228e-15
424,4.24,False,1.0,0.9999999999996843,GRID,3599372.3684210517,188.49701885475466,0.00020001476107873802,199957.82477781177,0.0,299959.5734523609,0.0001,0.0,8.615743123263143e-13
425,4.25,False,1.0,0.9999999999997474,GRID,3599377.3684210517,188.49716791201692,0.00020001420307887393,199959.57345236096,2.9103830456733704e-11,299961.252277717,0.0001,0.0,4.328941090122674e-13
426,4.26,False,1.0,0.9999999999997979,GRID,3599382.3684210517,188.49730951641607,0.00020001366418612648,199961.252277717,0.0,299962.86393143237,0.0001,0.0,-8.5389715263842e-13
427,4.2700000000000005,False,1.0,0.9999999999998384,GRID,3599387.3684210517,188.49744404059527,0.00020001314385261826,199962.86393143234,-2.9103830456733704e-11,299964.4108582288,0.0001,0.0,-1.1242486596516341e-13
428,4.28,False,1.0,0.9999999999998707,GRID,3599392.3684210517,188.4975718385655,0.0002000126416073381,199964.4108582288,0.0,299965.89550282806,0.0001,0.0,9.639388825986643e-13
429,4.29,False,1.0,0.9999999999998965,GRID,3599397.3684210517,188.49769324663723,0.0002000121569417107,199965.8955028281,2.9103830456733704e-11,299967.3203099519,0.0001,0.0,6.442579385559639e-13
430,4.3,False,1.0,0.9999999999999172,GRID,3599402.3684210517,188.49780858430537,0.00020001168931147408,199967.32030995187,-2.9103830456733704e-11,299968.68760790676,0.0001,0.0,-4.5157644984538786e-13
431,4.3100000000000005,False,1.0,0.9999999999999337,GRID,3599407.3684210517,188.4979181550901,0.00020001123819666752,199968.68760790676,0.0,299969.9994921684,0.0001,0.0,7.65349942168448e-13
432,4.32,False,1.0,0.9999999999999469,GRID,3599412.3684210517,188.4980222473356,0.00020001080316153164,199969.99949216843,0.0,299971.258174628,0.0001,0.0,4.250257768336791e-13
433,4.33,False,1.0,0.9999999999999576,GRID,3599417.3684210517,188.4981211349688,0.00020001038368150535,199971.258174628,-2.9103830456733704e-11,299972.46575076133,0.0001,0.0,-7.165415358505075e-13
434,4.34,False,1.0,0.999999999999966,GRID,3599422.3684210517,188.49821507822037,0.00020000997926116428,199972.46575076133,0.0,299973.6240832135,0.0001,0.0,5.705139594254505e-13
435,4.3500000000000005,False,1.0,0.9999999999999728,GRID,3599427.3684210517,188.49830432430934,0.00020000958949387902,199973.62408321357,5.820766091346741e-11,299974.735151045,0.0001,0.0,5.617261760994342e-13
436,4.36,False,1.0,0.9999999999999782,GRID,3599432.3684210517,188.49838910809387,0.0002000092138885821,199974.73515104505,2.9103830456733704e-11,299975.800816901,0.0001,0.0,1.6301149937125164e-13
437,4.37,False,1.0,0.9999999999999826,GRID,3599437.3684210517,188.49846965268918,0.00020000885198748826,199975.80081690103,0.0,299976.82282701135,0.0001,0.0,3.717762133290128e-13
438,4.38,False,1.0,0.999999999999986,GRID,3599442.3684210517,188.4985461700547,0.00020000850336734135,199976.82282701135,0.0,299977.8029276058,0.0001,0.0,-1.0835077355677227e-13
439,4.39,False,1.0,0.9999999999999888,GRID,3599447.3684210517,188.49861886155196,0.00020000816758239284,199977.8029276058,0.0,299978.7427484989,0.0001,0.0,-2.0971880265475636e-13
