release_cutoff_s,sample_index,source_step_index,source_timestamp_s,reported_timestamp_s,arrival_timestamp_s,arrival_minus_source_s,reported_minus_source_s,released_before_arrival,missing,quality_flags,value
0.03,0,0,0.0,0.0,0.025,0.025,0.0,False,False,TIMESTAMP_JITTERED|DELAYED,299997.8265836356
0.04,1,1,0.01,0.021880290203917505,0.035,0.025,0.011880290203917504,False,False,TIMESTAMP_JITTERED|DELAYED,300004.02107774565
0.05,2,2,0.02,0.0,0.045,0.024999999999999998,-0.02,False,False,TIMESTAMP_JITTERED|DELAYED,300000.7197925058
0.06,3,3,0.03,0.04252658525049191,0.055,0.025,0.012526585250491912,False,False,TIMESTAMP_JITTERED|DELAYED,300001.8775417258
0.07,4,4,0.04,0.062381708264905696,0.065,0.025,0.022381708264905695,False,False,TIMESTAMP_JITTERED|DELAYED,300004.9632758343
0.08,5,5,0.05,0.04353862849670267,0.07500000000000001,0.02500000000000001,-0.006461371503297335,False,True,TIMESTAMP_JITTERED|DELAYED|MISSING|DROPPED,
0.09,6,6,0.06,0.05214104743417218,0.08499999999999999,0.024999999999999994,-0.007858952565827818,False,False,TIMESTAMP_JITTERED|DELAYED,300009.0669120634
0.1,7,7,0.07,0.09035754092775558,0.095,0.024999999999999994,0.020357540927755574,False,False,TIMESTAMP_JITTERED|DELAYED,300006.43914149614
0.11,8,8,0.08,0.09721618640922028,0.10500000000000001,0.02500000000000001,0.017216186409220277,False,False,TIMESTAMP_JITTERED|DELAYED,300005.9772699621
0.12,9,9,0.09,0.09760148751164767,0.11499999999999999,0.024999999999999994,0.007601487511647673,False,False,TIMESTAMP_JITTERED|DELAYED,300006.1964380008
0.13,10,10,0.1,0.09412596700662874,0.125,0.024999999999999994,-0.0058740329933712615,False,True,TIMESTAMP_JITTERED|DELAYED|MISSING|DROPPED,
0.14,11,11,0.11,0.10904916444965877,0.135,0.02500000000000001,-0.000950835550341228,False,False,TIMESTAMP_JITTERED|DELAYED,300012.53658244637
0.15,12,12,0.12,0.15947473816344163,0.145,0.024999999999999994,0.03947473816344163,False,False,TIMESTAMP_JITTERED|DELAYED,300008.3280572198
0.16,13,13,0.13,0.12883462795108375,0.155,0.024999999999999994,-0.0011653720489162578,False,False,TIMESTAMP_JITTERED|DELAYED,300015.0861159314
0.17,14,14,0.14,0.15521312239925633,0.165,0.024999999999999994,0.015213122399256318,False,False,TIMESTAMP_JITTERED|DELAYED,300012.7065090805
0.18,15,15,0.15,0.14072586628857606,0.175,0.024999999999999994,-0.009274133711423937,False,False,TIMESTAMP_JITTERED|DELAYED,300013.57027595985
0.19,16,16,0.16,0.14033478996695423,0.185,0.024999999999999994,-0.019665210033045777,False,False,TIMESTAMP_JITTERED|DELAYED,300017.51921969914
0.2,17,17,0.17,0.18485678387553922,0.195,0.024999999999999994,0.014856783875539209,False,False,TIMESTAMP_JITTERED|DELAYED,300018.9302434592
0.21,18,18,0.18,0.18868699178050571,0.205,0.024999999999999994,0.00868699178050572,False,False,TIMESTAMP_JITTERED|DELAYED,300017.0423900513
0.22,19,19,0.19,0.1756582424092791,0.215,0.024999999999999994,-0.0143417575907209,False,False,TIMESTAMP_JITTERED|DELAYED,300018.7161860105
0.23,20,20,0.2,0.1647683811456981,0.225,0.024999999999999994,-0.0352316188543019,False,False,TIMESTAMP_JITTERED|DELAYED,300017.9468430897
0.24,21,21,0.21,0.20150759280599193,0.235,0.024999999999999994,-0.008492407194008067,False,True,TIMESTAMP_JITTERED|DELAYED|MISSING|DROPPED,
0.25,22,22,0.22,0.23425318213186527,0.245,0.024999999999999994,0.014253182131865272,False,False,TIMESTAMP_JITTERED|DELAYED,300026.25302445726
0.26,23,23,0.23,0.24376972178189985,0.255,0.024999999999999994,0.013769721781899835,False,False,TIMESTAMP_JITTERED|DELAYED,300024.18541721837
0.27,24,24,0.24,0.22635224264215031,0.265,0.025000000000000022,-0.013647757357849677,False,False,TIMESTAMP_JITTERED|DELAYED,300024.72761164326
0.28,25,25,0.25,0.23296168423057823,0.275,0.025000000000000022,-0.017038315769421775,False,False,TIMESTAMP_JITTERED|DELAYED,300026.99935848097
0.29,26,26,0.26,0.24605784263475952,0.28500000000000003,0.025000000000000022,-0.013942157365240487,False,False,TIMESTAMP_JITTERED|DELAYED,300023.1693924953
0.3,27,27,0.27,0.26485194866209866,0.29500000000000004,0.025000000000000022,-0.00514805133790136,False,False,TIMESTAMP_JITTERED|DELAYED,300023.52501500765
0.31,28,28,0.28,0.3076495893276891,0.30500000000000005,0.025000000000000022,0.027649589327689073,False,False,TIMESTAMP_JITTERED|DELAYED,300027.825167363
0.32,29,29,0.29,0.23266196980501236,0.315,0.025000000000000022,-0.05733803019498762,False,False,TIMESTAMP_JITTERED|DELAYED,300026.8979359475
0.33,30,30,0.3,0.3257217170765188,0.325,0.025000000000000022,0.025721717076518824,False,False,TIMESTAMP_JITTERED|DELAYED,300033.74939698185
0.34,31,31,0.31,0.3548499827152378,0.335,0.025000000000000022,0.044849982715237824,False,False,TIMESTAMP_JITTERED|DELAYED,300031.3450138126
0.35000000000000003,32,32,0.32,0.31760263570892194,0.34500000000000003,0.025000000000000022,-0.0023973642910780635,False,False,TIMESTAMP_JITTERED|DELAYED,300032.1806962118
0.36,33,33,0.33,0.30757863932356533,0.35500000000000004,0.025000000000000022,-0.022421360676434687,False,False,TIMESTAMP_JITTERED|DELAYED,300032.70929398364
0.37,34,34,0.34,0.35265907002723973,0.36500000000000005,0.025000000000000022,0.012659070027239705,False,False,TIMESTAMP_JITTERED|DELAYED,300036.66157711955
0.38,35,35,0.35000000000000003,0.3598445243591701,0.37500000000000006,0.025000000000000022,0.009844524359170048,False,False,TIMESTAMP_JITTERED|DELAYED,300035.745325637
0.39,36,36,0.36,0.33535325673114613,0.385,0.025000000000000022,-0.024646743268853855,False,True,TIMESTAMP_JITTERED|DELAYED|MISSING|DROPPED,
0.4,37,37,0.37,0.3343200875080592,0.395,0.025000000000000022,-0.0356799124919408,False,False,TIMESTAMP_JITTERED|DELAYED,300034.5543207298
0.41000000000000003,38,38,0.38,0.3772573256743527,0.405,0.025000000000000022,-0.0027426743256472874,False,False,TIMESTAMP_JITTERED|DELAYED,300037.4487652825
0.42,39,39,0.39,0.38565096190391895,0.41500000000000004,0.025000000000000022,-0.004349038096081059,False,False,TIMESTAMP_JITTERED|DELAYED,300034.89718018286
0.43,40,40,0.4,0.3817415311853565,0.42500000000000004,0.025000000000000022,-0.018258468814643547,False,False,TIMESTAMP_JITTERED|DELAYED,300041.6738153902
0.44,41,41,0.41000000000000003,0.38430161513866284,0.43500000000000005,0.025000000000000022,-0.025698384861337187,False,False,TIMESTAMP_JITTERED|DELAYED,300040.3394572329
0.45,42,42,0.42,0.42206845189540004,0.445,0.025000000000000022,0.0020684518954000586,False,False,TIMESTAMP_JITTERED|DELAYED,300044.1367209119
0.46,43,43,0.43,0.4036270546494295,0.455,0.025000000000000022,-0.026372945350570498,False,False,TIMESTAMP_JITTERED|DELAYED,300042.71641841007
0.47000000000000003,44,44,0.44,0.4380266519739924,0.465,0.025000000000000022,-0.0019733480260076264,False,False,TIMESTAMP_JITTERED|DELAYED,300042.6572360776
0.48,45,45,0.45,0.3993326877683126,0.47500000000000003,0.025000000000000022,-0.05066731223168741,False,False,TIMESTAMP_JITTERED|DELAYED,300041.08653565176
0.49,46,46,0.46,0.4861023372078266,0.48500000000000004,0.025000000000000022,0.026102337207826565,False,False,TIMESTAMP_JITTERED|DELAYED,300047.52059497585
0.5,47,47,0.47000000000000003,0.4857301859947099,0.49500000000000005,0.025000000000000022,0.015730185994709878,False,False,TIMESTAMP_JITTERED|DELAYED,300049.78294403525
0.51,48,48,0.48,0.4913421489301043,0.505,0.025000000000000022,0.011342148930104323,False,False,TIMESTAMP_JITTERED|DELAYED,300047.811971786
0.52,49,49,0.49,0.4999611428061532,0.515,0.025000000000000022,0.009961142806153234,False,False,TIMESTAMP_JITTERED|DELAYED,300048.4300812627
0.53,50,50,0.5,0.5305689739933466,0.525,0.025000000000000022,0.03056897399334657,False,False,TIMESTAMP_JITTERED|DELAYED,300044.9429119393
0.54,51,51,0.51,0.5086197271354848,0.535,0.025000000000000022,-0.0013802728645152529,False,False,TIMESTAMP_JITTERED|DELAYED,300047.57851709
0.55,52,52,0.52,0.5418055822658512,0.545,0.025000000000000022,0.021805582265851164,False,False,TIMESTAMP_JITTERED|DELAYED,300050.7629053109
0.56,53,53,0.53,0.5513930202075312,0.555,0.025000000000000022,0.0213930202075312,False,False,TIMESTAMP_JITTERED|DELAYED,300054.70350949274
0.5700000000000001,54,54,0.54,0.5629583309284242,0.5650000000000001,0.025000000000000022,0.022958330928424142,False,False,TIMESTAMP_JITTERED|DELAYED,300056.25985287456
0.58,55,55,0.55,0.5752225427605017,0.5750000000000001,0.025000000000000022,0.02522254276050162,False,False,TIMESTAMP_JITTERED|DELAYED,300052.0701168347
0.59,56,56,0.56,0.529150437110715,0.5850000000000001,0.025000000000000022,-0.030849562889285087,False,False,TIMESTAMP_JITTERED|DELAYED,300054.97768674797
0.6,57,57,0.5700000000000001,0.5411778863818234,0.5950000000000001,0.025000000000000022,-0.02882211361817666,False,False,TIMESTAMP_JITTERED|DELAYED,300054.462603503
0.61,58,58,0.58,0.6106275741503534,0.605,0.025000000000000022,0.030627574150353443,False,False,TIMESTAMP_JITTERED|DELAYED,300056.5450403369
0.62,59,59,0.59,0.6000972874722095,0.615,0.025000000000000022,0.010097287472209504,False,False,TIMESTAMP_JITTERED|DELAYED,300061.6698889317
0.63,60,60,0.6,0.5902345899173301,0.625,0.025000000000000022,-0.009765410082669845,False,False,TIMESTAMP_JITTERED|DELAYED,300062.10620692023
0.64,61,61,0.61,0.6433851889982038,0.635,0.025000000000000022,0.03338518899820386,False,True,TIMESTAMP_JITTERED|DELAYED|MISSING|DROPPED,
0.65,62,62,0.62,0.6081170925737335,0.645,0.025000000000000022,-0.01188290742626652,False,False,TIMESTAMP_JITTERED|DELAYED,300058.9611876168
0.66,63,63,0.63,0.6398600968553457,0.655,0.025000000000000022,0.009860096855345724,False,True,TIMESTAMP_JITTERED|DELAYED|MISSING|DROPPED,
0.67,64,64,0.64,0.6275209769472597,0.665,0.025000000000000022,-0.01247902305274029,False,False,TIMESTAMP_JITTERED|DELAYED,300063.4491934645
0.68,65,65,0.65,0.6433559388458113,0.675,0.025000000000000022,-0.006644061154188696,False,False,TIMESTAMP_JITTERED|DELAYED,300063.2504993932
0.6900000000000001,66,66,0.66,0.6626555935206973,0.685,0.025000000000000022,0.002655593520697219,False,False,TIMESTAMP_JITTERED|DELAYED,300065.19548454235
0.7000000000000001,67,67,0.67,0.6815165451075387,0.6950000000000001,0.025000000000000022,0.011516545107538634,False,False,TIMESTAMP_JITTERED|DELAYED,300068.92807788943
0.71,68,68,0.68,0.6956043502461338,0.7050000000000001,0.025000000000000022,0.015604350246133714,False,False,TIMESTAMP_JITTERED|DELAYED,300066.47040298703
0.72,69,69,0.6900000000000001,0.676629677710549,0.7150000000000001,0.025000000000000022,-0.013370322289451009,False,False,TIMESTAMP_JITTERED|DELAYED,300068.29697224026
0.73,70,70,0.7000000000000001,0.7129317351334674,0.7250000000000001,0.025000000000000022,0.012931735133467348,False,False,TIMESTAMP_JITTERED|DELAYED,300070.28783786594
0.74,71,71,0.71,0.6726924595917803,0.735,0.025000000000000022,-0.03730754040821971,False,False,TIMESTAMP_JITTERED|DELAYED,300073.2298478565
0.75,72,72,0.72,0.7482597152919337,0.745,0.025000000000000022,0.028259715291933718,False,False,TIMESTAMP_JITTERED|DELAYED,300071.4187437121
0.76,73,73,0.73,0.7493733680513252,0.755,0.025000000000000022,0.019373368051325168,False,False,TIMESTAMP_JITTERED|DELAYED,300074.22071834217
0.77,74,74,0.74,0.7654498596933971,0.765,0.025000000000000022,0.02544985969339708,False,False,TIMESTAMP_JITTERED|DELAYED,300071.8476434823
0.78,75,75,0.75,0.7551352943612338,0.775,0.025000000000000022,0.005135294361233833,False,False,TIMESTAMP_JITTERED|DELAYED,300073.6167957977
0.79,76,76,0.76,0.7344280897321978,0.785,0.025000000000000022,-0.025571910267802256,False,True,TIMESTAMP_JITTERED|DELAYED|MISSING|DROPPED,
0.8,77,77,0.77,0.7548684895007476,0.795,0.025000000000000022,-0.015131510499252432,False,False,TIMESTAMP_JITTERED|DELAYED,300076.19534516113
0.81,78,78,0.78,0.8253848706495561,0.805,0.025000000000000022,0.0453848706495561,False,True,TIMESTAMP_JITTERED|DELAYED|MISSING|DROPPED,
0.8200000000000001,79,79,0.79,0.7973490289100198,0.8150000000000001,0.025000000000000022,0.0073490289100197614,False,False,TIMESTAMP_JITTERED|DELAYED,300079.772457884
0.8300000000000001,80,80,0.8,0.786591186428401,0.8250000000000001,0.025000000000000022,-0.013408813571599065,False,False,TIMESTAMP_JITTERED|DELAYED,300082.2166029788
0.84,81,81,0.81,0.8368268499196858,0.8350000000000001,0.025000000000000022,0.026826849919685758,False,False,TIMESTAMP_JITTERED|DELAYED,300080.29292416683
0.85,82,82,0.8200000000000001,0.8432708865338608,0.8450000000000001,0.025000000000000022,0.02327088653386078,False,True,TIMESTAMP_JITTERED|DELAYED|MISSING|DROPPED,
0.86,83,83,0.8300000000000001,0.8258158268568786,0.8550000000000001,0.025000000000000022,-0.004184173143121472,False,False,TIMESTAMP_JITTERED|DELAYED,300082.0652204111
0.87,84,84,0.84,0.8388390238719943,0.865,0.025000000000000022,-0.0011609761280056974,False,False,TIMESTAMP_JITTERED|DELAYED,300083.16759034316
0.88,85,85,0.85,0.8336218195251743,0.875,0.025000000000000022,-0.016378180474825643,False,False,TIMESTAMP_JITTERED|DELAYED,300083.7273962273
0.89,86,86,0.86,0.8352649686488146,0.885,0.025000000000000022,-0.024735031351185377,False,False,TIMESTAMP_JITTERED|DELAYED,300086.4704619547
0.9,87,87,0.87,0.8834959683071976,0.895,0.025000000000000022,0.01349596830719757,False,False,TIMESTAMP_JITTERED|DELAYED,300083.8650478581
0.91,88,88,0.88,0.8812600240061816,0.905,0.025000000000000022,0.001260024006181637,False,False,TIMESTAMP_JITTERED|DELAYED,300085.76521070435
0.92,89,89,0.89,0.8929496148873485,0.915,0.025000000000000022,0.0029496148873484618,False,True,TIMESTAMP_JITTERED|DELAYED|MISSING|DROPPED,
0.93,90,90,0.9,0.8842424212492239,0.925,0.025000000000000022,-0.015757578750776102,False,False,TIMESTAMP_JITTERED|DELAYED,300091.6418813424
0.9400000000000001,91,91,0.91,0.896205281157722,0.935,0.025000000000000022,-0.013794718842278009,False,False,TIMESTAMP_JITTERED|DELAYED,300089.8289068552
0.9500000000000001,92,92,0.92,0.9371013742295028,0.9450000000000001,0.025000000000000022,0.017101374229502753,False,False,TIMESTAMP_JITTERED|DELAYED,300092.9448195073
0.96,93,93,0.93,0.9345076143091173,0.9550000000000001,0.025000000000000022,0.0045076143091172804,False,False,TIMESTAMP_JITTERED|DELAYED,300092.29346725735
0.97,94,94,0.9400000000000001,0.9411247787348023,0.9650000000000001,0.025000000000000022,0.001124778734802212,False,False,TIMESTAMP_JITTERED|DELAYED,300093.2809379208
0.98,95,95,0.9500000000000001,0.9535979675343513,0.9750000000000001,0.025000000000000022,0.003597967534351265,False,False,TIMESTAMP_JITTERED|DELAYED,300095.1279107695
0.99,96,96,0.96,0.9635532260776059,0.985,0.025000000000000022,0.0035532260776058866,False,False,TIMESTAMP_JITTERED|DELAYED,300097.0214138652
1.0,97,97,0.97,0.9386376390637577,0.995,0.025000000000000022,-0.03136236093624223,False,False,TIMESTAMP_JITTERED|DELAYED,300092.59313511336
1.025,98,98,0.98,0.9706295006751307,1.005,0.02499999999999991,-0.00937049932486933,False,False,TIMESTAMP_JITTERED|DELAYED,300099.7705712703
1.025,99,99,0.99,0.9612392839613082,1.015,0.02499999999999991,-0.02876071603869179,False,False,TIMESTAMP_JITTERED|DELAYED,300095.6667324303
1.025,100,100,1.0,0.9921481088735135,1.025,0.02499999999999991,-0.007851891126486543,False,False,TIMESTAMP_JITTERED|DELAYED,300099.9323749878
